-- phpMyAdmin SQL Dump
-- version 5.2.1
-- https://www.phpmyadmin.net/
--
-- Host: localhost
-- Generation Time: Jun 10, 2024 at 07:48 AM
-- Server version: 10.4.28-MariaDB
-- PHP Version: 8.2.4

SET SQL_MODE = "NO_AUTO_VALUE_ON_ZERO";
START TRANSACTION;
SET time_zone = "+00:00";


/*!40101 SET @OLD_CHARACTER_SET_CLIENT=@@CHARACTER_SET_CLIENT */;
/*!40101 SET @OLD_CHARACTER_SET_RESULTS=@@CHARACTER_SET_RESULTS */;
/*!40101 SET @OLD_COLLATION_CONNECTION=@@COLLATION_CONNECTION */;
/*!40101 SET NAMES utf8mb4 */;

--
-- Database: `my_db`
--

-- --------------------------------------------------------

--
-- Table structure for table `daily_attendance`
--

CREATE TABLE `daily_attendance` (
  `id` int(11) NOT NULL,
  `student_id` int(11) DEFAULT NULL,
  `date` date DEFAULT NULL,
  `period1` tinyint(1) DEFAULT NULL,
  `period2` tinyint(1) DEFAULT NULL,
  `period3` tinyint(1) DEFAULT NULL,
  `period4` tinyint(1) DEFAULT NULL,
  `period5` tinyint(1) DEFAULT NULL,
  `period6` tinyint(1) DEFAULT NULL
) ENGINE=InnoDB DEFAULT CHARSET=utf8mb4 COLLATE=utf8mb4_general_ci;

--
-- Dumping data for table `daily_attendance`
--

INSERT INTO `daily_attendance` (`id`, `student_id`, `date`, `period1`, `period2`, `period3`, `period4`, `period5`, `period6`) VALUES
(4227, 1, '2024-04-09', 0, 0, 1, 1, 1, 1),
(4228, 1, '2024-04-10', 1, 0, 1, 0, 1, 1),
(4229, 1, '2024-04-11', 0, 0, 0, 1, 0, 1),
(4230, 1, '2024-04-12', 1, 1, 1, 1, 0, 1),
(4231, 1, '2024-04-15', 1, 0, 1, 1, 0, 1),
(4232, 1, '2024-04-16', 0, 0, 1, 1, 0, 1),
(4233, 1, '2024-04-17', 1, 0, 1, 1, 0, 0),
(4234, 1, '2024-04-18', 1, 1, 1, 0, 1, 1),
(4235, 1, '2024-04-19', 0, 1, 0, 1, 1, 1),
(4236, 1, '2024-04-22', 1, 1, 1, 1, 0, 1),
(4237, 1, '2024-04-23', 1, 1, 0, 0, 1, 0),
(4238, 1, '2024-04-24', 0, 1, 0, 1, 1, 0),
(4239, 1, '2024-04-25', 0, 1, 0, 1, 0, 1),
(4240, 1, '2024-04-26', 1, 0, 1, 1, 0, 1),
(4241, 1, '2024-04-29', 1, 1, 0, 0, 1, 1),
(4242, 1, '2024-04-30', 1, 1, 1, 1, 1, 1),
(4243, 1, '2024-05-01', 1, 0, 1, 0, 1, 1),
(4244, 1, '2024-05-02', 0, 1, 1, 1, 0, 1),
(4245, 1, '2024-05-03', 1, 0, 1, 0, 0, 1),
(4246, 1, '2024-05-06', 1, 1, 1, 0, 1, 1),
(4247, 1, '2024-05-07', 1, 0, 0, 1, 0, 0),
(4248, 1, '2024-05-08', 1, 1, 1, 0, 1, 1),
(4249, 1, '2024-05-09', 0, 0, 1, 1, 1, 1),
(4250, 1, '2024-05-10', 1, 1, 1, 1, 1, 1),
(4251, 1, '2024-05-13', 0, 0, 1, 1, 0, 1),
(4252, 1, '2024-05-14', 0, 1, 0, 1, 1, 1),
(4253, 1, '2024-05-15', 1, 1, 1, 1, 1, 1),
(4254, 1, '2024-05-16', 1, 1, 0, 1, 1, 0),
(4255, 1, '2024-05-17', 1, 1, 0, 1, 0, 1),
(4256, 1, '2024-05-20', 1, 0, 0, 1, 0, 1),
(4257, 1, '2024-05-21', 0, 1, 1, 1, 0, 1),
(4258, 1, '2024-05-22', 1, 1, 0, 0, 1, 0),
(4259, 1, '2024-05-23', 0, 1, 1, 0, 1, 0),
(4260, 1, '2024-05-24', 1, 1, 1, 0, 0, 1),
(4261, 1, '2024-05-27', 1, 0, 0, 1, 1, 1),
(4262, 1, '2024-05-28', 0, 1, 1, 0, 0, 1),
(4263, 1, '2024-05-29', 1, 0, 1, 1, 1, 1),
(4264, 1, '2024-05-30', 1, 1, 1, 0, 0, 0),
(4265, 1, '2024-05-31', 1, 1, 1, 1, 1, 0),
(4266, 1, '2024-06-03', 1, 1, 0, 1, 1, 0),
(4267, 1, '2024-06-04', 0, 1, 0, 0, 0, 0),
(4268, 1, '2024-06-05', 0, 1, 1, 0, 0, 0),
(4269, 1, '2024-06-06', 0, 1, 0, 0, 0, 1),
(4270, 1, '2024-06-07', 1, 1, 0, 1, 1, 1),
(4271, 2, '2024-04-09', 1, 1, 1, 1, 1, 0),
(4272, 2, '2024-04-10', 1, 0, 1, 0, 0, 1),
(4273, 2, '2024-04-11', 0, 1, 1, 1, 1, 1),
(4274, 2, '2024-04-12', 0, 1, 1, 1, 1, 0),
(4275, 2, '2024-04-15', 1, 1, 1, 1, 1, 1),
(4276, 2, '2024-04-16', 1, 1, 1, 0, 1, 1),
(4277, 2, '2024-04-17', 1, 0, 0, 1, 1, 0),
(4278, 2, '2024-04-18', 1, 1, 0, 1, 1, 0),
(4279, 2, '2024-04-19', 1, 1, 0, 1, 1, 0),
(4280, 2, '2024-04-22', 1, 1, 0, 0, 0, 0),
(4281, 2, '2024-04-23', 0, 1, 1, 1, 1, 1),
(4282, 2, '2024-04-24', 1, 1, 1, 1, 1, 0),
(4283, 2, '2024-04-25', 1, 1, 0, 0, 1, 0),
(4284, 2, '2024-04-26', 0, 0, 1, 0, 1, 1),
(4285, 2, '2024-04-29', 1, 1, 1, 1, 0, 0),
(4286, 2, '2024-04-30', 1, 1, 0, 1, 0, 1),
(4287, 2, '2024-05-01', 1, 1, 0, 1, 1, 0),
(4288, 2, '2024-05-02', 0, 0, 0, 0, 1, 1),
(4289, 2, '2024-05-03', 1, 1, 0, 1, 0, 1),
(4290, 2, '2024-05-06', 1, 1, 1, 1, 0, 0),
(4291, 2, '2024-05-07', 0, 1, 1, 0, 1, 1),
(4292, 2, '2024-05-08', 1, 0, 1, 0, 1, 1),
(4293, 2, '2024-05-09', 1, 1, 1, 1, 0, 0),
(4294, 2, '2024-05-10', 1, 1, 1, 0, 1, 0),
(4295, 2, '2024-05-13', 1, 0, 1, 1, 0, 1),
(4296, 2, '2024-05-14', 0, 1, 1, 0, 0, 1),
(4297, 2, '2024-05-15', 1, 1, 0, 0, 0, 1),
(4298, 2, '2024-05-16', 1, 0, 1, 0, 1, 1),
(4299, 2, '2024-05-17', 1, 1, 1, 1, 0, 1),
(4300, 2, '2024-05-20', 1, 1, 1, 1, 1, 1),
(4301, 2, '2024-05-21', 1, 1, 1, 0, 1, 0),
(4302, 2, '2024-05-22', 1, 1, 1, 1, 0, 1),
(4303, 2, '2024-05-23', 0, 1, 1, 0, 1, 1),
(4304, 2, '2024-05-24', 1, 1, 0, 0, 0, 1),
(4305, 2, '2024-05-27', 0, 1, 1, 1, 1, 1),
(4306, 2, '2024-05-28', 1, 0, 1, 0, 1, 0),
(4307, 2, '2024-05-29', 1, 0, 1, 1, 0, 1),
(4308, 2, '2024-05-30', 1, 1, 0, 1, 1, 1),
(4309, 2, '2024-05-31', 1, 1, 0, 0, 1, 1),
(4310, 2, '2024-06-03', 1, 0, 0, 1, 0, 1),
(4311, 2, '2024-06-04', 1, 0, 0, 1, 1, 1),
(4312, 2, '2024-06-05', 1, 0, 0, 1, 1, 1),
(4313, 2, '2024-06-06', 1, 1, 1, 1, 1, 1),
(4314, 2, '2024-06-07', 1, 1, 1, 0, 1, 1),
(4315, 3, '2024-04-09', 1, 1, 1, 0, 0, 1),
(4316, 3, '2024-04-10', 0, 0, 1, 1, 1, 1),
(4317, 3, '2024-04-11', 0, 1, 0, 0, 1, 1),
(4318, 3, '2024-04-12', 0, 1, 1, 1, 1, 1),
(4319, 3, '2024-04-15', 0, 1, 1, 1, 1, 1),
(4320, 3, '2024-04-16', 1, 1, 1, 0, 1, 0),
(4321, 3, '2024-04-17', 0, 1, 1, 1, 1, 1),
(4322, 3, '2024-04-18', 1, 0, 1, 1, 1, 1),
(4323, 3, '2024-04-19', 0, 1, 1, 1, 1, 1),
(4324, 3, '2024-04-22', 0, 0, 1, 1, 1, 1),
(4325, 3, '2024-04-23', 1, 0, 0, 1, 0, 1),
(4326, 3, '2024-04-24', 0, 1, 0, 1, 1, 0),
(4327, 3, '2024-04-25', 0, 0, 1, 1, 0, 1),
(4328, 3, '2024-04-26', 1, 1, 1, 1, 0, 1),
(4329, 3, '2024-04-29', 1, 0, 1, 0, 1, 1),
(4330, 3, '2024-04-30', 1, 1, 0, 0, 0, 1),
(4331, 3, '2024-05-01', 1, 1, 0, 1, 1, 1),
(4332, 3, '2024-05-02', 1, 1, 1, 0, 1, 1),
(4333, 3, '2024-05-03', 0, 1, 0, 0, 1, 0),
(4334, 3, '2024-05-06', 0, 1, 0, 1, 1, 1),
(4335, 3, '2024-05-07', 0, 0, 0, 1, 0, 1),
(4336, 3, '2024-05-08', 0, 1, 0, 1, 0, 1),
(4337, 3, '2024-05-09', 1, 0, 1, 0, 1, 1),
(4338, 3, '2024-05-10', 1, 1, 1, 0, 1, 1),
(4339, 3, '2024-05-13', 1, 0, 1, 1, 1, 0),
(4340, 3, '2024-05-14', 1, 1, 1, 1, 0, 1),
(4341, 3, '2024-05-15', 0, 1, 0, 1, 0, 0),
(4342, 3, '2024-05-16', 0, 1, 0, 0, 1, 0),
(4343, 3, '2024-05-17', 1, 1, 1, 0, 1, 1),
(4344, 3, '2024-05-20', 1, 1, 0, 0, 1, 1),
(4345, 3, '2024-05-21', 0, 1, 1, 1, 1, 1),
(4346, 3, '2024-05-22', 0, 1, 1, 1, 1, 1),
(4347, 3, '2024-05-23', 1, 1, 1, 0, 0, 1),
(4348, 3, '2024-05-24', 0, 1, 1, 0, 1, 1),
(4349, 3, '2024-05-27', 0, 1, 1, 1, 0, 0),
(4350, 3, '2024-05-28', 1, 1, 0, 1, 1, 1),
(4351, 3, '2024-05-29', 1, 1, 0, 1, 1, 0),
(4352, 3, '2024-05-30', 0, 0, 1, 1, 1, 1),
(4353, 3, '2024-05-31', 1, 1, 0, 1, 0, 1),
(4354, 3, '2024-06-03', 1, 1, 0, 1, 1, 1),
(4355, 3, '2024-06-04', 0, 1, 0, 1, 1, 0),
(4356, 3, '2024-06-05', 1, 1, 0, 1, 1, 0),
(4357, 3, '2024-06-06', 1, 1, 0, 0, 0, 0),
(4358, 3, '2024-06-07', 0, 1, 1, 1, 1, 0),
(4359, 4, '2024-04-09', 1, 0, 0, 0, 0, 1),
(4360, 4, '2024-04-10', 0, 1, 1, 1, 1, 1),
(4361, 4, '2024-04-11', 1, 1, 0, 0, 1, 1),
(4362, 4, '2024-04-12', 1, 1, 0, 0, 1, 1),
(4363, 4, '2024-04-15', 0, 1, 1, 1, 0, 0),
(4364, 4, '2024-04-16', 0, 1, 1, 1, 0, 1),
(4365, 4, '2024-04-17', 1, 1, 0, 1, 1, 0),
(4366, 4, '2024-04-18', 1, 1, 1, 1, 0, 0),
(4367, 4, '2024-04-19', 1, 1, 1, 1, 1, 0),
(4368, 4, '2024-04-22', 1, 0, 0, 1, 1, 1),
(4369, 4, '2024-04-23', 0, 0, 1, 0, 0, 1),
(4370, 4, '2024-04-24', 0, 1, 0, 0, 1, 1),
(4371, 4, '2024-04-25', 1, 0, 1, 1, 0, 1),
(4372, 4, '2024-04-26', 1, 1, 1, 0, 0, 1),
(4373, 4, '2024-04-29', 0, 0, 0, 0, 1, 0),
(4374, 4, '2024-04-30', 1, 0, 1, 1, 0, 1),
(4375, 4, '2024-05-01', 0, 1, 0, 1, 1, 0),
(4376, 4, '2024-05-02', 1, 1, 1, 0, 0, 0),
(4377, 4, '2024-05-03', 0, 1, 0, 1, 1, 1),
(4378, 4, '2024-05-06', 0, 1, 1, 0, 0, 1),
(4379, 4, '2024-05-07', 1, 1, 1, 1, 0, 1),
(4380, 4, '2024-05-08', 1, 1, 1, 0, 1, 0),
(4381, 4, '2024-05-09', 0, 1, 1, 1, 0, 1),
(4382, 4, '2024-05-10', 0, 0, 1, 0, 1, 1),
(4383, 4, '2024-05-13', 0, 1, 1, 1, 1, 0),
(4384, 4, '2024-05-14', 1, 1, 0, 0, 0, 1),
(4385, 4, '2024-05-15', 1, 0, 0, 0, 1, 1),
(4386, 4, '2024-05-16', 0, 1, 0, 0, 0, 1),
(4387, 4, '2024-05-17', 0, 1, 0, 0, 1, 0),
(4388, 4, '2024-05-20', 1, 1, 0, 1, 0, 1),
(4389, 4, '2024-05-21', 0, 1, 0, 0, 0, 1),
(4390, 4, '2024-05-22', 1, 1, 0, 1, 1, 0),
(4391, 4, '2024-05-23', 0, 1, 1, 1, 1, 0),
(4392, 4, '2024-05-24', 1, 0, 0, 1, 1, 0),
(4393, 4, '2024-05-27', 1, 1, 0, 1, 1, 1),
(4394, 4, '2024-05-28', 0, 1, 1, 1, 1, 0),
(4395, 4, '2024-05-29', 1, 1, 1, 0, 1, 0),
(4396, 4, '2024-05-30', 0, 1, 0, 1, 0, 1),
(4397, 4, '2024-05-31', 0, 1, 1, 0, 1, 1),
(4398, 4, '2024-06-03', 1, 1, 1, 1, 1, 1),
(4399, 4, '2024-06-04', 0, 0, 1, 1, 1, 1),
(4400, 4, '2024-06-05', 1, 0, 0, 1, 1, 1),
(4401, 4, '2024-06-06', 1, 1, 0, 1, 1, 1),
(4402, 4, '2024-06-07', 1, 0, 0, 1, 1, 0),
(4403, 5, '2024-04-09', 0, 0, 1, 0, 1, 0),
(4404, 5, '2024-04-10', 1, 0, 1, 1, 1, 1),
(4405, 5, '2024-04-11', 1, 0, 1, 0, 0, 0),
(4406, 5, '2024-04-12', 1, 1, 1, 1, 0, 1),
(4407, 5, '2024-04-15', 1, 0, 0, 1, 1, 1),
(4408, 5, '2024-04-16', 1, 1, 1, 1, 0, 1),
(4409, 5, '2024-04-17', 1, 0, 1, 1, 1, 1),
(4410, 5, '2024-04-18', 0, 0, 0, 1, 0, 0),
(4411, 5, '2024-04-19', 0, 1, 0, 0, 1, 1),
(4412, 5, '2024-04-22', 0, 1, 1, 0, 1, 1),
(4413, 5, '2024-04-23', 1, 1, 0, 0, 1, 0),
(4414, 5, '2024-04-24', 0, 0, 1, 1, 1, 1),
(4415, 5, '2024-04-25', 1, 1, 1, 1, 1, 1),
(4416, 5, '2024-04-26', 1, 1, 0, 0, 1, 0),
(4417, 5, '2024-04-29', 0, 1, 1, 1, 1, 1),
(4418, 5, '2024-04-30', 0, 0, 0, 0, 1, 0),
(4419, 5, '2024-05-01', 1, 0, 0, 1, 0, 1),
(4420, 5, '2024-05-02', 1, 0, 1, 0, 1, 1),
(4421, 5, '2024-05-03', 0, 0, 0, 1, 1, 1),
(4422, 5, '2024-05-06', 1, 0, 1, 1, 1, 1),
(4423, 5, '2024-05-07', 0, 0, 0, 1, 0, 0),
(4424, 5, '2024-05-08', 0, 1, 1, 1, 1, 1),
(4425, 5, '2024-05-09', 1, 0, 0, 0, 1, 0),
(4426, 5, '2024-05-10', 1, 1, 0, 1, 1, 0),
(4427, 5, '2024-05-13', 1, 0, 1, 1, 1, 1),
(4428, 5, '2024-05-14', 1, 1, 1, 0, 1, 1),
(4429, 5, '2024-05-15', 0, 1, 1, 0, 1, 1),
(4430, 5, '2024-05-16', 0, 0, 0, 0, 1, 1),
(4431, 5, '2024-05-17', 1, 1, 0, 0, 1, 1),
(4432, 5, '2024-05-20', 0, 1, 0, 1, 1, 0),
(4433, 5, '2024-05-21', 1, 0, 1, 1, 1, 1),
(4434, 5, '2024-05-22', 1, 0, 1, 0, 1, 0),
(4435, 5, '2024-05-23', 1, 1, 0, 1, 1, 0),
(4436, 5, '2024-05-24', 0, 1, 0, 1, 1, 0),
(4437, 5, '2024-05-27', 0, 1, 1, 1, 0, 1),
(4438, 5, '2024-05-28', 0, 1, 1, 1, 1, 1),
(4439, 5, '2024-05-29', 1, 1, 0, 0, 1, 1),
(4440, 5, '2024-05-30', 0, 1, 1, 1, 0, 1),
(4441, 5, '2024-05-31', 1, 1, 1, 1, 1, 0),
(4442, 5, '2024-06-03', 0, 1, 1, 0, 1, 1),
(4443, 5, '2024-06-04', 1, 1, 1, 0, 0, 1),
(4444, 5, '2024-06-05', 1, 1, 1, 0, 1, 1),
(4445, 5, '2024-06-06', 0, 1, 0, 0, 1, 1),
(4446, 5, '2024-06-07', 0, 1, 1, 0, 1, 0),
(4447, 6, '2024-04-09', 1, 1, 0, 0, 1, 1),
(4448, 6, '2024-04-10', 0, 1, 1, 0, 1, 1),
(4449, 6, '2024-04-11', 0, 1, 0, 1, 1, 1),
(4450, 6, '2024-04-12', 0, 1, 1, 0, 0, 1),
(4451, 6, '2024-04-15', 1, 0, 1, 1, 1, 1),
(4452, 6, '2024-04-16', 0, 0, 1, 1, 1, 1),
(4453, 6, '2024-04-17', 1, 0, 1, 1, 1, 1),
(4454, 6, '2024-04-18', 0, 0, 1, 1, 1, 1),
(4455, 6, '2024-04-19', 1, 1, 0, 1, 0, 1),
(4456, 6, '2024-04-22', 0, 1, 1, 0, 1, 0),
(4457, 6, '2024-04-23', 1, 1, 1, 1, 1, 1),
(4458, 6, '2024-04-24', 1, 1, 1, 1, 0, 1),
(4459, 6, '2024-04-25', 1, 0, 0, 1, 0, 1),
(4460, 6, '2024-04-26', 1, 1, 0, 0, 1, 1),
(4461, 6, '2024-04-29', 0, 1, 0, 1, 1, 1),
(4462, 6, '2024-04-30', 1, 1, 1, 0, 1, 1),
(4463, 6, '2024-05-01', 1, 0, 1, 1, 1, 0),
(4464, 6, '2024-05-02', 1, 1, 1, 1, 1, 0),
(4465, 6, '2024-05-03', 1, 1, 0, 1, 1, 1),
(4466, 6, '2024-05-06', 0, 0, 1, 1, 0, 1),
(4467, 6, '2024-05-07', 0, 0, 0, 0, 1, 1),
(4468, 6, '2024-05-08', 0, 1, 1, 1, 0, 0),
(4469, 6, '2024-05-09', 1, 0, 0, 1, 0, 0),
(4470, 6, '2024-05-10', 1, 1, 0, 0, 1, 1),
(4471, 6, '2024-05-13', 1, 0, 1, 0, 1, 0),
(4472, 6, '2024-05-14', 1, 0, 1, 1, 0, 1),
(4473, 6, '2024-05-15', 1, 1, 0, 1, 1, 1),
(4474, 6, '2024-05-16', 1, 1, 0, 0, 0, 1),
(4475, 6, '2024-05-17', 1, 0, 1, 0, 1, 0),
(4476, 6, '2024-05-20', 1, 1, 0, 1, 1, 0),
(4477, 6, '2024-05-21', 0, 0, 1, 1, 1, 1),
(4478, 6, '2024-05-22', 0, 1, 0, 1, 1, 1),
(4479, 6, '2024-05-23', 0, 0, 1, 1, 1, 1),
(4480, 6, '2024-05-24', 1, 1, 0, 1, 1, 0),
(4481, 6, '2024-05-27', 1, 1, 0, 1, 1, 1),
(4482, 6, '2024-05-28', 0, 1, 1, 1, 1, 1),
(4483, 6, '2024-05-29', 0, 1, 1, 1, 1, 1),
(4484, 6, '2024-05-30', 0, 1, 1, 1, 0, 0),
(4485, 6, '2024-05-31', 1, 1, 0, 1, 1, 1),
(4486, 6, '2024-06-03', 0, 1, 0, 1, 0, 0),
(4487, 6, '2024-06-04', 1, 1, 0, 0, 0, 0),
(4488, 6, '2024-06-05', 1, 1, 1, 0, 1, 0),
(4489, 6, '2024-06-06', 0, 1, 0, 0, 0, 1),
(4490, 6, '2024-06-07', 1, 0, 1, 1, 1, 1),
(4491, 7, '2024-04-09', 0, 0, 1, 1, 1, 0),
(4492, 7, '2024-04-10', 0, 0, 1, 0, 1, 1),
(4493, 7, '2024-04-11', 0, 1, 1, 0, 1, 1),
(4494, 7, '2024-04-12', 1, 1, 1, 0, 1, 0),
(4495, 7, '2024-04-15', 1, 1, 1, 1, 1, 1),
(4496, 7, '2024-04-16', 1, 0, 0, 0, 1, 0),
(4497, 7, '2024-04-17', 0, 1, 1, 1, 0, 1),
(4498, 7, '2024-04-18', 0, 1, 0, 1, 0, 0),
(4499, 7, '2024-04-19', 1, 1, 1, 1, 1, 1),
(4500, 7, '2024-04-22', 0, 1, 0, 1, 0, 1),
(4501, 7, '2024-04-23', 1, 1, 1, 0, 1, 0),
(4502, 7, '2024-04-24', 1, 1, 1, 1, 0, 1),
(4503, 7, '2024-04-25', 1, 1, 0, 1, 1, 1),
(4504, 7, '2024-04-26', 0, 0, 0, 1, 1, 0),
(4505, 7, '2024-04-29', 1, 0, 1, 1, 0, 1),
(4506, 7, '2024-04-30', 0, 1, 1, 1, 0, 1),
(4507, 7, '2024-05-01', 0, 0, 1, 1, 1, 1),
(4508, 7, '2024-05-02', 0, 1, 0, 0, 1, 1),
(4509, 7, '2024-05-03', 1, 1, 0, 1, 1, 1),
(4510, 7, '2024-05-06', 1, 1, 1, 0, 0, 1),
(4511, 7, '2024-05-07', 1, 0, 0, 1, 0, 0),
(4512, 7, '2024-05-08', 1, 0, 1, 0, 1, 1),
(4513, 7, '2024-05-09', 0, 1, 0, 0, 1, 0),
(4514, 7, '2024-05-10', 1, 1, 0, 1, 0, 1),
(4515, 7, '2024-05-13', 0, 1, 1, 0, 1, 1),
(4516, 7, '2024-05-14', 1, 1, 1, 1, 1, 1),
(4517, 7, '2024-05-15', 1, 1, 0, 1, 0, 1),
(4518, 7, '2024-05-16', 1, 0, 0, 1, 1, 1),
(4519, 7, '2024-05-17', 1, 1, 1, 0, 1, 1),
(4520, 7, '2024-05-20', 1, 1, 0, 1, 0, 1),
(4521, 7, '2024-05-21', 0, 1, 0, 0, 1, 0),
(4522, 7, '2024-05-22', 1, 0, 0, 0, 1, 0),
(4523, 7, '2024-05-23', 0, 1, 1, 1, 1, 1),
(4524, 7, '2024-05-24', 1, 1, 1, 1, 1, 0),
(4525, 7, '2024-05-27', 1, 1, 0, 0, 0, 0),
(4526, 7, '2024-05-28', 1, 1, 0, 1, 1, 1),
(4527, 7, '2024-05-29', 0, 1, 1, 1, 0, 1),
(4528, 7, '2024-05-30', 1, 1, 1, 1, 0, 1),
(4529, 7, '2024-05-31', 1, 1, 1, 1, 1, 0),
(4530, 7, '2024-06-03', 1, 0, 1, 1, 0, 1),
(4531, 7, '2024-06-04', 1, 1, 0, 0, 1, 1),
(4532, 7, '2024-06-05', 0, 0, 1, 1, 0, 0),
(4533, 7, '2024-06-06', 0, 1, 1, 0, 1, 0),
(4534, 7, '2024-06-07', 0, 1, 1, 1, 0, 0),
(4535, 8, '2024-04-09', 0, 1, 1, 0, 0, 1),
(4536, 8, '2024-04-10', 0, 1, 0, 0, 1, 1),
(4537, 8, '2024-04-11', 1, 1, 0, 1, 0, 1),
(4538, 8, '2024-04-12', 1, 1, 1, 0, 1, 1),
(4539, 8, '2024-04-15', 1, 1, 1, 0, 1, 1),
(4540, 8, '2024-04-16', 1, 1, 1, 0, 1, 1),
(4541, 8, '2024-04-17', 1, 1, 1, 1, 1, 1),
(4542, 8, '2024-04-18', 1, 1, 0, 0, 1, 0),
(4543, 8, '2024-04-19', 0, 0, 1, 1, 1, 0),
(4544, 8, '2024-04-22', 1, 1, 0, 0, 0, 1),
(4545, 8, '2024-04-23', 0, 1, 1, 1, 1, 0),
(4546, 8, '2024-04-24', 1, 1, 1, 1, 1, 1),
(4547, 8, '2024-04-25', 1, 0, 1, 1, 0, 1),
(4548, 8, '2024-04-26', 1, 1, 0, 1, 1, 1),
(4549, 8, '2024-04-29', 0, 0, 1, 0, 1, 0),
(4550, 8, '2024-04-30', 0, 1, 1, 1, 1, 0),
(4551, 8, '2024-05-01', 1, 1, 1, 1, 1, 1),
(4552, 8, '2024-05-02', 0, 0, 0, 1, 0, 1),
(4553, 8, '2024-05-03', 0, 0, 1, 1, 1, 1),
(4554, 8, '2024-05-06', 0, 1, 0, 1, 0, 0),
(4555, 8, '2024-05-07', 0, 1, 1, 1, 0, 1),
(4556, 8, '2024-05-08', 1, 0, 1, 0, 1, 0),
(4557, 8, '2024-05-09', 1, 1, 1, 1, 1, 0),
(4558, 8, '2024-05-10', 1, 1, 1, 1, 1, 1),
(4559, 8, '2024-05-13', 1, 1, 0, 0, 1, 1),
(4560, 8, '2024-05-14', 1, 0, 0, 1, 1, 1),
(4561, 8, '2024-05-15', 1, 0, 0, 0, 0, 1),
(4562, 8, '2024-05-16', 1, 0, 1, 1, 0, 1),
(4563, 8, '2024-05-17', 0, 0, 0, 0, 1, 1),
(4564, 8, '2024-05-20', 1, 0, 1, 0, 1, 0),
(4565, 8, '2024-05-21', 0, 1, 1, 0, 1, 1),
(4566, 8, '2024-05-22', 1, 1, 1, 1, 1, 1),
(4567, 8, '2024-05-23', 0, 0, 1, 0, 1, 0),
(4568, 8, '2024-05-24', 0, 1, 1, 0, 1, 0),
(4569, 8, '2024-05-27', 1, 1, 1, 0, 1, 1),
(4570, 8, '2024-05-28', 1, 1, 0, 1, 1, 0),
(4571, 8, '2024-05-29', 0, 1, 1, 1, 1, 0),
(4572, 8, '2024-05-30', 0, 0, 1, 1, 1, 0),
(4573, 8, '2024-05-31', 0, 0, 1, 1, 1, 1),
(4574, 8, '2024-06-03', 1, 1, 0, 1, 1, 1),
(4575, 8, '2024-06-04', 1, 0, 1, 1, 1, 1),
(4576, 8, '2024-06-05', 1, 1, 1, 1, 0, 1),
(4577, 8, '2024-06-06', 1, 0, 1, 0, 1, 1),
(4578, 8, '2024-06-07', 0, 1, 1, 1, 0, 1),
(4579, 9, '2024-04-09', 1, 1, 1, 0, 0, 1),
(4580, 9, '2024-04-10', 0, 0, 0, 1, 0, 1),
(4581, 9, '2024-04-11', 1, 1, 1, 0, 0, 0),
(4582, 9, '2024-04-12', 1, 1, 0, 0, 1, 0),
(4583, 9, '2024-04-15', 0, 1, 0, 0, 1, 1),
(4584, 9, '2024-04-16', 1, 0, 1, 0, 0, 0),
(4585, 9, '2024-04-17', 1, 0, 1, 0, 0, 0),
(4586, 9, '2024-04-18', 1, 1, 0, 1, 0, 1),
(4587, 9, '2024-04-19', 1, 1, 1, 1, 1, 1),
(4588, 9, '2024-04-22', 0, 1, 1, 0, 1, 1),
(4589, 9, '2024-04-23', 0, 1, 1, 1, 1, 1),
(4590, 9, '2024-04-24', 1, 1, 1, 1, 0, 0),
(4591, 9, '2024-04-25', 1, 1, 0, 1, 1, 1),
(4592, 9, '2024-04-26', 1, 0, 1, 1, 1, 1),
(4593, 9, '2024-04-29', 0, 1, 1, 1, 1, 1),
(4594, 9, '2024-04-30', 1, 1, 1, 0, 0, 1),
(4595, 9, '2024-05-01', 0, 1, 1, 0, 1, 0),
(4596, 9, '2024-05-02', 0, 1, 0, 1, 1, 1),
(4597, 9, '2024-05-03', 0, 0, 0, 0, 1, 0),
(4598, 9, '2024-05-06', 0, 0, 1, 1, 0, 1),
(4599, 9, '2024-05-07', 0, 0, 0, 1, 1, 0),
(4600, 9, '2024-05-08', 0, 1, 1, 1, 0, 0),
(4601, 9, '2024-05-09', 1, 0, 1, 1, 0, 1),
(4602, 9, '2024-05-10', 1, 0, 1, 1, 1, 1),
(4603, 9, '2024-05-13', 0, 1, 1, 1, 1, 0),
(4604, 9, '2024-05-14', 1, 1, 0, 1, 0, 0),
(4605, 9, '2024-05-15', 1, 1, 1, 0, 1, 1),
(4606, 9, '2024-05-16', 0, 1, 1, 0, 1, 0),
(4607, 9, '2024-05-17', 1, 1, 1, 1, 1, 1),
(4608, 9, '2024-05-20', 0, 0, 0, 0, 1, 0),
(4609, 9, '2024-05-21', 1, 1, 1, 1, 1, 1),
(4610, 9, '2024-05-22', 0, 1, 0, 1, 1, 0),
(4611, 9, '2024-05-23', 1, 1, 0, 1, 1, 0),
(4612, 9, '2024-05-24', 1, 0, 0, 0, 0, 1),
(4613, 9, '2024-05-27', 0, 1, 1, 0, 1, 1),
(4614, 9, '2024-05-28', 0, 1, 0, 1, 1, 0),
(4615, 9, '2024-05-29', 1, 0, 0, 0, 1, 1),
(4616, 9, '2024-05-30', 0, 1, 0, 0, 1, 1),
(4617, 9, '2024-05-31', 0, 0, 1, 0, 0, 0),
(4618, 9, '2024-06-03', 1, 0, 1, 1, 1, 1),
(4619, 9, '2024-06-04', 0, 1, 0, 1, 0, 0),
(4620, 9, '2024-06-05', 1, 1, 0, 0, 1, 1),
(4621, 9, '2024-06-06', 0, 1, 0, 1, 1, 0),
(4622, 9, '2024-06-07', 1, 1, 0, 1, 1, 0),
(4623, 10, '2024-04-09', 0, 1, 1, 1, 0, 1),
(4624, 10, '2024-04-10', 0, 0, 0, 1, 0, 1),
(4625, 10, '2024-04-11', 1, 0, 1, 1, 1, 1),
(4626, 10, '2024-04-12', 0, 0, 1, 1, 0, 1),
(4627, 10, '2024-04-15', 1, 1, 1, 1, 1, 1),
(4628, 10, '2024-04-16', 1, 1, 0, 1, 1, 1),
(4629, 10, '2024-04-17', 1, 1, 1, 1, 1, 0),
(4630, 10, '2024-04-18', 1, 0, 1, 1, 1, 1),
(4631, 10, '2024-04-19', 1, 1, 1, 1, 0, 1),
(4632, 10, '2024-04-22', 1, 0, 1, 1, 1, 1),
(4633, 10, '2024-04-23', 1, 1, 0, 1, 0, 1),
(4634, 10, '2024-04-24', 1, 1, 0, 1, 0, 1),
(4635, 10, '2024-04-25', 1, 0, 0, 1, 0, 0),
(4636, 10, '2024-04-26', 0, 0, 1, 1, 1, 1),
(4637, 10, '2024-04-29', 0, 0, 0, 1, 1, 1),
(4638, 10, '2024-04-30', 1, 1, 1, 1, 1, 0),
(4639, 10, '2024-05-01', 0, 1, 1, 0, 1, 1),
(4640, 10, '2024-05-02', 1, 0, 1, 0, 1, 1),
(4641, 10, '2024-05-03', 1, 1, 1, 0, 0, 0),
(4642, 10, '2024-05-06', 1, 0, 1, 1, 1, 1),
(4643, 10, '2024-05-07', 1, 1, 0, 1, 1, 1),
(4644, 10, '2024-05-08', 1, 1, 1, 1, 1, 1),
(4645, 10, '2024-05-09', 1, 1, 0, 1, 1, 0),
(4646, 10, '2024-05-10', 0, 1, 1, 0, 1, 1),
(4647, 10, '2024-05-13', 1, 1, 1, 0, 1, 1),
(4648, 10, '2024-05-14', 0, 1, 1, 1, 0, 1),
(4649, 10, '2024-05-15', 0, 1, 0, 0, 1, 1),
(4650, 10, '2024-05-16', 1, 0, 0, 0, 1, 0),
(4651, 10, '2024-05-17', 1, 1, 1, 1, 1, 1),
(4652, 10, '2024-05-20', 1, 1, 0, 0, 0, 0),
(4653, 10, '2024-05-21', 1, 1, 0, 1, 0, 1),
(4654, 10, '2024-05-22', 0, 1, 1, 0, 0, 1),
(4655, 10, '2024-05-23', 1, 0, 0, 1, 0, 1),
(4656, 10, '2024-05-24', 1, 1, 1, 0, 0, 0),
(4657, 10, '2024-05-27', 1, 0, 1, 1, 1, 1),
(4658, 10, '2024-05-28', 1, 1, 0, 1, 1, 1),
(4659, 10, '2024-05-29', 0, 1, 1, 0, 1, 1),
(4660, 10, '2024-05-30', 0, 1, 1, 1, 0, 1),
(4661, 10, '2024-05-31', 0, 1, 1, 1, 0, 1),
(4662, 10, '2024-06-03', 0, 0, 1, 0, 0, 0),
(4663, 10, '2024-06-04', 0, 1, 0, 1, 1, 1),
(4664, 10, '2024-06-05', 1, 0, 1, 0, 1, 1),
(4665, 10, '2024-06-06', 0, 0, 1, 1, 1, 1),
(4666, 10, '2024-06-07', 1, 0, 1, 0, 1, 1),
(4667, 11, '2024-04-09', 1, 0, 0, 1, 1, 0),
(4668, 11, '2024-04-10', 0, 0, 1, 1, 0, 0),
(4669, 11, '2024-04-11', 0, 1, 1, 0, 1, 1),
(4670, 11, '2024-04-12', 1, 1, 1, 1, 0, 1),
(4671, 11, '2024-04-15', 1, 0, 1, 0, 1, 0),
(4672, 11, '2024-04-16', 1, 1, 1, 0, 1, 1),
(4673, 11, '2024-04-17', 1, 1, 0, 0, 0, 1),
(4674, 11, '2024-04-18', 1, 0, 1, 0, 1, 0),
(4675, 11, '2024-04-19', 1, 1, 1, 1, 0, 1),
(4676, 11, '2024-04-22', 1, 1, 0, 0, 1, 1),
(4677, 11, '2024-04-23', 0, 0, 1, 1, 1, 0),
(4678, 11, '2024-04-24', 1, 1, 1, 0, 0, 1),
(4679, 11, '2024-04-25', 1, 0, 1, 0, 0, 1),
(4680, 11, '2024-04-26', 1, 0, 0, 0, 0, 1),
(4681, 11, '2024-04-29', 1, 1, 1, 1, 0, 1),
(4682, 11, '2024-04-30', 1, 0, 0, 1, 1, 0),
(4683, 11, '2024-05-01', 1, 0, 0, 1, 1, 1),
(4684, 11, '2024-05-02', 1, 1, 1, 0, 1, 0),
(4685, 11, '2024-05-03', 1, 1, 0, 0, 0, 1),
(4686, 11, '2024-05-06', 0, 0, 1, 1, 1, 0),
(4687, 11, '2024-05-07', 0, 1, 0, 1, 1, 0),
(4688, 11, '2024-05-08', 0, 1, 1, 1, 0, 1),
(4689, 11, '2024-05-09', 1, 1, 1, 1, 0, 0),
(4690, 11, '2024-05-10', 1, 0, 0, 1, 0, 0),
(4691, 11, '2024-05-13', 0, 0, 1, 1, 0, 0),
(4692, 11, '2024-05-14', 0, 1, 1, 1, 0, 1),
(4693, 11, '2024-05-15', 1, 1, 1, 1, 1, 1),
(4694, 11, '2024-05-16', 1, 1, 1, 1, 1, 1),
(4695, 11, '2024-05-17', 1, 0, 1, 1, 1, 1),
(4696, 11, '2024-05-20', 0, 0, 1, 1, 1, 1),
(4697, 11, '2024-05-21', 1, 1, 1, 1, 0, 0),
(4698, 11, '2024-05-22', 0, 1, 1, 1, 1, 1),
(4699, 11, '2024-05-23', 0, 0, 1, 0, 1, 1),
(4700, 11, '2024-05-24', 1, 0, 0, 0, 1, 1),
(4701, 11, '2024-05-27', 1, 0, 1, 1, 1, 0),
(4702, 11, '2024-05-28', 1, 1, 1, 0, 0, 0),
(4703, 11, '2024-05-29', 1, 1, 1, 1, 0, 1),
(4704, 11, '2024-05-30', 1, 1, 0, 1, 1, 0),
(4705, 11, '2024-05-31', 1, 0, 0, 1, 1, 0),
(4706, 11, '2024-06-03', 0, 0, 1, 1, 0, 0),
(4707, 11, '2024-06-04', 1, 1, 0, 0, 1, 1),
(4708, 11, '2024-06-05', 1, 0, 1, 0, 1, 1),
(4709, 11, '2024-06-06', 1, 1, 1, 0, 1, 1),
(4710, 11, '2024-06-07', 1, 1, 1, 1, 1, 0),
(4711, 12, '2024-04-09', 1, 1, 1, 1, 1, 1),
(4712, 12, '2024-04-10', 0, 1, 1, 0, 1, 1),
(4713, 12, '2024-04-11', 0, 1, 1, 1, 1, 0),
(4714, 12, '2024-04-12', 0, 1, 1, 1, 0, 1),
(4715, 12, '2024-04-15', 1, 1, 1, 1, 0, 1),
(4716, 12, '2024-04-16', 0, 0, 1, 1, 1, 1),
(4717, 12, '2024-04-17', 0, 1, 0, 0, 1, 1),
(4718, 12, '2024-04-18', 1, 1, 0, 0, 0, 1),
(4719, 12, '2024-04-19', 1, 1, 1, 1, 0, 0),
(4720, 12, '2024-04-22', 1, 1, 0, 1, 1, 1),
(4721, 12, '2024-04-23', 0, 1, 0, 0, 1, 0),
(4722, 12, '2024-04-24', 1, 0, 1, 0, 1, 1),
(4723, 12, '2024-04-25', 1, 1, 0, 0, 1, 1),
(4724, 12, '2024-04-26', 0, 0, 0, 0, 1, 1),
(4725, 12, '2024-04-29', 0, 1, 1, 0, 1, 1),
(4726, 12, '2024-04-30', 1, 0, 0, 0, 0, 1),
(4727, 12, '2024-05-01', 1, 1, 1, 1, 1, 1),
(4728, 12, '2024-05-02', 1, 0, 1, 1, 0, 1),
(4729, 12, '2024-05-03', 1, 0, 1, 1, 0, 0),
(4730, 12, '2024-05-06', 0, 1, 0, 0, 1, 1),
(4731, 12, '2024-05-07', 1, 1, 0, 1, 1, 1),
(4732, 12, '2024-05-08', 0, 1, 1, 0, 0, 1),
(4733, 12, '2024-05-09', 0, 1, 1, 1, 1, 1),
(4734, 12, '2024-05-10', 0, 1, 1, 0, 0, 0),
(4735, 12, '2024-05-13', 0, 1, 0, 1, 1, 1),
(4736, 12, '2024-05-14', 0, 1, 1, 1, 1, 1),
(4737, 12, '2024-05-15', 0, 1, 0, 0, 0, 1),
(4738, 12, '2024-05-16', 0, 1, 1, 1, 1, 1),
(4739, 12, '2024-05-17', 1, 0, 1, 1, 1, 0),
(4740, 12, '2024-05-20', 0, 1, 0, 1, 1, 1),
(4741, 12, '2024-05-21', 0, 0, 0, 0, 1, 1),
(4742, 12, '2024-05-22', 1, 0, 0, 1, 1, 0),
(4743, 12, '2024-05-23', 1, 1, 1, 0, 1, 0),
(4744, 12, '2024-05-24', 1, 1, 1, 1, 0, 1),
(4745, 12, '2024-05-27', 1, 1, 1, 0, 1, 1),
(4746, 12, '2024-05-28', 0, 0, 0, 1, 1, 0),
(4747, 12, '2024-05-29', 1, 1, 1, 1, 0, 0),
(4748, 12, '2024-05-30', 1, 0, 1, 1, 0, 1),
(4749, 12, '2024-05-31', 0, 0, 1, 1, 0, 0),
(4750, 12, '2024-06-03', 1, 1, 0, 1, 0, 0),
(4751, 12, '2024-06-04', 1, 1, 1, 1, 0, 1),
(4752, 12, '2024-06-05', 1, 0, 1, 0, 1, 0),
(4753, 12, '2024-06-06', 1, 1, 0, 0, 0, 0),
(4754, 12, '2024-06-07', 1, 1, 0, 1, 0, 0),
(4755, 13, '2024-04-09', 0, 0, 1, 1, 0, 0),
(4756, 13, '2024-04-10', 1, 1, 1, 1, 1, 1),
(4757, 13, '2024-04-11', 0, 0, 1, 0, 1, 1),
(4758, 13, '2024-04-12', 1, 1, 0, 1, 1, 0),
(4759, 13, '2024-04-15', 0, 0, 0, 1, 1, 1),
(4760, 13, '2024-04-16', 1, 0, 1, 1, 1, 1),
(4761, 13, '2024-04-17', 1, 0, 0, 1, 0, 1),
(4762, 13, '2024-04-18', 0, 1, 0, 1, 0, 1),
(4763, 13, '2024-04-19', 1, 1, 1, 0, 1, 1),
(4764, 13, '2024-04-22', 1, 1, 0, 1, 1, 1),
(4765, 13, '2024-04-23', 0, 1, 1, 0, 0, 1),
(4766, 13, '2024-04-24', 1, 1, 1, 1, 1, 0),
(4767, 13, '2024-04-25', 1, 1, 1, 1, 1, 1),
(4768, 13, '2024-04-26', 1, 1, 0, 0, 1, 1),
(4769, 13, '2024-04-29', 0, 1, 0, 0, 0, 1),
(4770, 13, '2024-04-30', 1, 0, 1, 1, 1, 1),
(4771, 13, '2024-05-01', 1, 0, 1, 0, 0, 0),
(4772, 13, '2024-05-02', 1, 1, 1, 0, 1, 1),
(4773, 13, '2024-05-03', 0, 0, 0, 1, 0, 1),
(4774, 13, '2024-05-06', 0, 1, 1, 1, 0, 1),
(4775, 13, '2024-05-07', 0, 1, 1, 0, 1, 1),
(4776, 13, '2024-05-08', 0, 0, 0, 1, 0, 0),
(4777, 13, '2024-05-09', 0, 1, 0, 1, 0, 1),
(4778, 13, '2024-05-10', 1, 1, 0, 1, 1, 0),
(4779, 13, '2024-05-13', 0, 1, 0, 1, 1, 1),
(4780, 13, '2024-05-14', 1, 1, 0, 0, 1, 1),
(4781, 13, '2024-05-15', 1, 1, 1, 1, 1, 1),
(4782, 13, '2024-05-16', 0, 1, 1, 1, 1, 0),
(4783, 13, '2024-05-17', 1, 1, 0, 1, 1, 0),
(4784, 13, '2024-05-20', 1, 1, 0, 1, 1, 1),
(4785, 13, '2024-05-21', 1, 0, 1, 0, 1, 0),
(4786, 13, '2024-05-22', 0, 0, 0, 1, 1, 0),
(4787, 13, '2024-05-23', 1, 0, 0, 0, 0, 0),
(4788, 13, '2024-05-24', 1, 0, 1, 1, 1, 1),
(4789, 13, '2024-05-27', 1, 1, 0, 1, 1, 1),
(4790, 13, '2024-05-28', 1, 1, 0, 1, 0, 1),
(4791, 13, '2024-05-29', 1, 1, 1, 1, 1, 1),
(4792, 13, '2024-05-30', 1, 1, 1, 0, 0, 1),
(4793, 13, '2024-05-31', 1, 0, 0, 0, 1, 0),
(4794, 13, '2024-06-03', 1, 1, 0, 0, 0, 1),
(4795, 13, '2024-06-04', 0, 1, 1, 1, 1, 1),
(4796, 13, '2024-06-05', 0, 1, 0, 0, 1, 1),
(4797, 13, '2024-06-06', 1, 1, 0, 1, 0, 1),
(4798, 13, '2024-06-07', 1, 0, 1, 0, 1, 1),
(4799, 14, '2024-04-09', 1, 1, 1, 0, 1, 0),
(4800, 14, '2024-04-10', 1, 1, 1, 1, 0, 1),
(4801, 14, '2024-04-11', 0, 1, 1, 0, 1, 0),
(4802, 14, '2024-04-12', 1, 1, 0, 1, 1, 1),
(4803, 14, '2024-04-15', 1, 0, 1, 1, 1, 1),
(4804, 14, '2024-04-16', 1, 0, 1, 1, 1, 1),
(4805, 14, '2024-04-17', 1, 1, 1, 0, 1, 1),
(4806, 14, '2024-04-18', 1, 0, 1, 1, 1, 1),
(4807, 14, '2024-04-19', 1, 1, 1, 0, 0, 1),
(4808, 14, '2024-04-22', 0, 1, 0, 0, 1, 1),
(4809, 14, '2024-04-23', 1, 1, 1, 1, 1, 1),
(4810, 14, '2024-04-24', 1, 0, 1, 1, 1, 1),
(4811, 14, '2024-04-25', 1, 1, 0, 0, 1, 1),
(4812, 14, '2024-04-26', 1, 0, 1, 1, 1, 1),
(4813, 14, '2024-04-29', 0, 1, 1, 1, 1, 1),
(4814, 14, '2024-04-30', 1, 1, 1, 0, 0, 1),
(4815, 14, '2024-05-01', 1, 1, 1, 1, 1, 1),
(4816, 14, '2024-05-02', 1, 1, 1, 1, 1, 1),
(4817, 14, '2024-05-03', 0, 1, 0, 1, 1, 0),
(4818, 14, '2024-05-06', 1, 1, 1, 0, 1, 1),
(4819, 14, '2024-05-07', 0, 1, 0, 1, 0, 0),
(4820, 14, '2024-05-08', 0, 1, 0, 1, 1, 0),
(4821, 14, '2024-05-09', 1, 1, 0, 0, 1, 1),
(4822, 14, '2024-05-10', 0, 1, 1, 1, 0, 0),
(4823, 14, '2024-05-13', 0, 1, 1, 1, 0, 1),
(4824, 14, '2024-05-14', 1, 0, 1, 0, 1, 1),
(4825, 14, '2024-05-15', 1, 1, 1, 0, 1, 1),
(4826, 14, '2024-05-16', 1, 1, 1, 1, 1, 1),
(4827, 14, '2024-05-17', 1, 0, 0, 0, 0, 1),
(4828, 14, '2024-05-20', 1, 1, 1, 1, 1, 1),
(4829, 14, '2024-05-21', 1, 0, 1, 0, 1, 0),
(4830, 14, '2024-05-22', 0, 1, 1, 1, 1, 1),
(4831, 14, '2024-05-23', 1, 0, 1, 1, 1, 1),
(4832, 14, '2024-05-24', 1, 0, 1, 1, 0, 0),
(4833, 14, '2024-05-27', 1, 1, 1, 1, 1, 0),
(4834, 14, '2024-05-28', 1, 1, 0, 0, 1, 0),
(4835, 14, '2024-05-29', 1, 1, 1, 0, 1, 0),
(4836, 14, '2024-05-30', 1, 0, 1, 0, 0, 1),
(4837, 14, '2024-05-31', 1, 1, 0, 0, 0, 0),
(4838, 14, '2024-06-03', 0, 0, 1, 0, 1, 0),
(4839, 14, '2024-06-04', 1, 1, 1, 0, 1, 1),
(4840, 14, '2024-06-05', 0, 1, 1, 1, 1, 1),
(4841, 14, '2024-06-06', 1, 0, 0, 1, 0, 1),
(4842, 14, '2024-06-07', 1, 1, 1, 1, 0, 1),
(4843, 15, '2024-04-09', 0, 0, 1, 0, 0, 1),
(4844, 15, '2024-04-10', 0, 0, 0, 1, 1, 0),
(4845, 15, '2024-04-11', 1, 0, 1, 1, 0, 0),
(4846, 15, '2024-04-12', 1, 0, 1, 1, 1, 0),
(4847, 15, '2024-04-15', 1, 1, 1, 0, 0, 1),
(4848, 15, '2024-04-16', 1, 0, 0, 1, 0, 1),
(4849, 15, '2024-04-17', 1, 1, 0, 0, 1, 1),
(4850, 15, '2024-04-18', 1, 0, 1, 1, 1, 1),
(4851, 15, '2024-04-19', 1, 1, 0, 0, 0, 1),
(4852, 15, '2024-04-22', 0, 1, 1, 1, 1, 1),
(4853, 15, '2024-04-23', 0, 1, 1, 1, 1, 1),
(4854, 15, '2024-04-24', 1, 0, 0, 0, 0, 0),
(4855, 15, '2024-04-25', 1, 1, 1, 0, 1, 1),
(4856, 15, '2024-04-26', 0, 1, 1, 1, 1, 1),
(4857, 15, '2024-04-29', 0, 1, 1, 1, 0, 1),
(4858, 15, '2024-04-30', 0, 1, 1, 1, 0, 0),
(4859, 15, '2024-05-01', 0, 0, 0, 1, 1, 0),
(4860, 15, '2024-05-02', 0, 1, 1, 0, 0, 1),
(4861, 15, '2024-05-03', 1, 1, 1, 1, 1, 1),
(4862, 15, '2024-05-06', 1, 1, 0, 1, 0, 1),
(4863, 15, '2024-05-07', 1, 0, 0, 1, 1, 1),
(4864, 15, '2024-05-08', 0, 0, 0, 1, 0, 1),
(4865, 15, '2024-05-09', 1, 1, 1, 1, 1, 0),
(4866, 15, '2024-05-10', 0, 0, 1, 1, 1, 1),
(4867, 15, '2024-05-13', 1, 1, 1, 0, 0, 1),
(4868, 15, '2024-05-14', 1, 1, 0, 1, 0, 1),
(4869, 15, '2024-05-15', 1, 1, 1, 1, 1, 0),
(4870, 15, '2024-05-16', 0, 1, 0, 1, 0, 0),
(4871, 15, '2024-05-17', 0, 1, 1, 1, 0, 0),
(4872, 15, '2024-05-20', 1, 0, 1, 0, 0, 0),
(4873, 15, '2024-05-21', 1, 0, 1, 1, 1, 0),
(4874, 15, '2024-05-22', 0, 1, 1, 0, 1, 1),
(4875, 15, '2024-05-23', 1, 1, 1, 0, 1, 1),
(4876, 15, '2024-05-24', 1, 1, 1, 0, 0, 1),
(4877, 15, '2024-05-27', 1, 0, 1, 0, 1, 0),
(4878, 15, '2024-05-28', 1, 1, 1, 1, 0, 1),
(4879, 15, '2024-05-29', 0, 0, 0, 0, 0, 1),
(4880, 15, '2024-05-30', 1, 0, 0, 1, 1, 1),
(4881, 15, '2024-05-31', 0, 1, 1, 1, 0, 1),
(4882, 15, '2024-06-03', 0, 1, 1, 1, 0, 1),
(4883, 15, '2024-06-04', 1, 1, 1, 0, 1, 1),
(4884, 15, '2024-06-05', 0, 1, 0, 1, 0, 1),
(4885, 15, '2024-06-06', 1, 1, 0, 0, 0, 1),
(4886, 15, '2024-06-07', 0, 1, 1, 0, 1, 1),
(4887, 16, '2024-04-09', 1, 1, 0, 1, 1, 0),
(4888, 16, '2024-04-10', 0, 1, 0, 1, 1, 0),
(4889, 16, '2024-04-11', 0, 0, 1, 0, 1, 1),
(4890, 16, '2024-04-12', 0, 1, 1, 0, 1, 1),
(4891, 16, '2024-04-15', 1, 1, 1, 0, 0, 1),
(4892, 16, '2024-04-16', 1, 1, 1, 1, 1, 1),
(4893, 16, '2024-04-17', 1, 0, 1, 1, 0, 1),
(4894, 16, '2024-04-18', 1, 1, 1, 1, 1, 0),
(4895, 16, '2024-04-19', 1, 1, 1, 1, 1, 0),
(4896, 16, '2024-04-22', 1, 1, 1, 1, 1, 1),
(4897, 16, '2024-04-23', 1, 0, 0, 1, 1, 1),
(4898, 16, '2024-04-24', 1, 1, 0, 0, 0, 1),
(4899, 16, '2024-04-25', 1, 1, 0, 1, 1, 1),
(4900, 16, '2024-04-26', 0, 1, 1, 0, 0, 1),
(4901, 16, '2024-04-29', 0, 0, 1, 1, 1, 1),
(4902, 16, '2024-04-30', 1, 0, 1, 0, 1, 1),
(4903, 16, '2024-05-01', 1, 1, 1, 0, 1, 0),
(4904, 16, '2024-05-02', 0, 0, 0, 1, 0, 1),
(4905, 16, '2024-05-03', 1, 0, 0, 1, 1, 0),
(4906, 16, '2024-05-06', 1, 1, 1, 0, 0, 0),
(4907, 16, '2024-05-07', 1, 1, 1, 0, 0, 1),
(4908, 16, '2024-05-08', 0, 0, 0, 0, 1, 1),
(4909, 16, '2024-05-09', 1, 0, 0, 1, 1, 1),
(4910, 16, '2024-05-10', 1, 0, 1, 1, 1, 0),
(4911, 16, '2024-05-13', 0, 1, 0, 0, 1, 0),
(4912, 16, '2024-05-14', 1, 0, 0, 1, 0, 1),
(4913, 16, '2024-05-15', 1, 1, 1, 1, 1, 1),
(4914, 16, '2024-05-16', 1, 1, 0, 1, 0, 0),
(4915, 16, '2024-05-17', 1, 1, 1, 1, 1, 1),
(4916, 16, '2024-05-20', 1, 1, 1, 1, 1, 0),
(4917, 16, '2024-05-21', 0, 1, 1, 1, 1, 1),
(4918, 16, '2024-05-22', 1, 1, 0, 1, 1, 0),
(4919, 16, '2024-05-23', 0, 0, 1, 0, 1, 1),
(4920, 16, '2024-05-24', 1, 1, 1, 0, 1, 1),
(4921, 16, '2024-05-27', 0, 1, 1, 1, 1, 1),
(4922, 16, '2024-05-28', 0, 0, 1, 0, 0, 1),
(4923, 16, '2024-05-29', 1, 0, 1, 1, 0, 1),
(4924, 16, '2024-05-30', 1, 1, 1, 1, 1, 1),
(4925, 16, '2024-05-31', 0, 0, 1, 0, 1, 1),
(4926, 16, '2024-06-03', 1, 0, 1, 1, 1, 1),
(4927, 16, '2024-06-04', 1, 1, 1, 1, 1, 0),
(4928, 16, '2024-06-05', 1, 1, 1, 0, 1, 1),
(4929, 16, '2024-06-06', 1, 1, 1, 0, 0, 1),
(4930, 16, '2024-06-07', 1, 0, 1, 0, 1, 1),
(4931, 17, '2024-04-09', 1, 0, 1, 1, 1, 1),
(4932, 17, '2024-04-10', 1, 1, 1, 0, 1, 1),
(4933, 17, '2024-04-11', 1, 0, 1, 1, 0, 1),
(4934, 17, '2024-04-12', 0, 1, 0, 1, 1, 0),
(4935, 17, '2024-04-15', 0, 1, 1, 1, 1, 0),
(4936, 17, '2024-04-16', 1, 1, 1, 0, 1, 0),
(4937, 17, '2024-04-17', 1, 1, 0, 1, 1, 0),
(4938, 17, '2024-04-18', 1, 1, 1, 0, 0, 0),
(4939, 17, '2024-04-19', 0, 1, 1, 0, 1, 1),
(4940, 17, '2024-04-22', 1, 1, 1, 1, 1, 1),
(4941, 17, '2024-04-23', 1, 0, 0, 1, 1, 1),
(4942, 17, '2024-04-24', 0, 1, 1, 1, 0, 0),
(4943, 17, '2024-04-25', 1, 0, 1, 1, 0, 1),
(4944, 17, '2024-04-26', 1, 0, 0, 0, 0, 1),
(4945, 17, '2024-04-29', 0, 1, 1, 0, 1, 1),
(4946, 17, '2024-04-30', 1, 1, 0, 0, 1, 1),
(4947, 17, '2024-05-01', 0, 1, 1, 1, 0, 0),
(4948, 17, '2024-05-02', 1, 1, 1, 0, 1, 1),
(4949, 17, '2024-05-03', 1, 1, 1, 1, 1, 1),
(4950, 17, '2024-05-06', 1, 1, 0, 1, 1, 0),
(4951, 17, '2024-05-07', 1, 1, 1, 1, 1, 0),
(4952, 17, '2024-05-08', 1, 1, 0, 0, 1, 0),
(4953, 17, '2024-05-09', 1, 1, 0, 1, 1, 1),
(4954, 17, '2024-05-10', 1, 1, 1, 1, 1, 1),
(4955, 17, '2024-05-13', 0, 1, 1, 0, 0, 1),
(4956, 17, '2024-05-14', 1, 1, 1, 0, 1, 0),
(4957, 17, '2024-05-15', 1, 0, 0, 0, 1, 0),
(4958, 17, '2024-05-16', 1, 1, 1, 1, 1, 1),
(4959, 17, '2024-05-17', 0, 1, 1, 0, 1, 1),
(4960, 17, '2024-05-20', 1, 1, 0, 0, 1, 0),
(4961, 17, '2024-05-21', 0, 1, 1, 1, 1, 1),
(4962, 17, '2024-05-22', 0, 0, 0, 1, 1, 1),
(4963, 17, '2024-05-23', 1, 1, 1, 1, 0, 1),
(4964, 17, '2024-05-24', 0, 1, 0, 1, 1, 1),
(4965, 17, '2024-05-27', 0, 1, 1, 0, 1, 1),
(4966, 17, '2024-05-28', 1, 1, 1, 1, 0, 1),
(4967, 17, '2024-05-29', 0, 1, 1, 1, 1, 0),
(4968, 17, '2024-05-30', 1, 1, 1, 1, 1, 0),
(4969, 17, '2024-05-31', 0, 1, 1, 0, 1, 1),
(4970, 17, '2024-06-03', 1, 1, 1, 1, 0, 1),
(4971, 17, '2024-06-04', 1, 1, 1, 0, 1, 1),
(4972, 17, '2024-06-05', 1, 1, 0, 1, 1, 1),
(4973, 17, '2024-06-06', 0, 1, 1, 0, 1, 0),
(4974, 17, '2024-06-07', 1, 0, 0, 1, 0, 0),
(4975, 18, '2024-04-09', 0, 0, 1, 1, 1, 0),
(4976, 18, '2024-04-10', 1, 1, 0, 1, 0, 0),
(4977, 18, '2024-04-11', 1, 1, 0, 1, 0, 0),
(4978, 18, '2024-04-12', 0, 1, 0, 0, 1, 1),
(4979, 18, '2024-04-15', 1, 0, 1, 1, 0, 1),
(4980, 18, '2024-04-16', 1, 0, 1, 1, 1, 1),
(4981, 18, '2024-04-17', 0, 1, 1, 0, 1, 1),
(4982, 18, '2024-04-18', 0, 0, 0, 1, 1, 0),
(4983, 18, '2024-04-19', 1, 1, 0, 1, 1, 1),
(4984, 18, '2024-04-22', 0, 0, 1, 0, 1, 0),
(4985, 18, '2024-04-23', 1, 1, 1, 1, 0, 1),
(4986, 18, '2024-04-24', 1, 1, 0, 1, 0, 1),
(4987, 18, '2024-04-25', 0, 0, 0, 0, 0, 0),
(4988, 18, '2024-04-26', 0, 1, 0, 1, 0, 1),
(4989, 18, '2024-04-29', 0, 1, 0, 0, 0, 1),
(4990, 18, '2024-04-30', 0, 0, 1, 1, 1, 1),
(4991, 18, '2024-05-01', 1, 1, 1, 1, 0, 1),
(4992, 18, '2024-05-02', 1, 1, 0, 1, 0, 1),
(4993, 18, '2024-05-03', 0, 1, 1, 0, 1, 0),
(4994, 18, '2024-05-06', 1, 1, 1, 0, 1, 1),
(4995, 18, '2024-05-07', 1, 0, 1, 1, 0, 0),
(4996, 18, '2024-05-08', 0, 1, 1, 1, 1, 1),
(4997, 18, '2024-05-09', 0, 0, 1, 1, 0, 0),
(4998, 18, '2024-05-10', 0, 1, 1, 0, 1, 0),
(4999, 18, '2024-05-13', 0, 0, 1, 1, 1, 0),
(5000, 18, '2024-05-14', 1, 1, 0, 1, 1, 0),
(5001, 18, '2024-05-15', 1, 0, 0, 0, 1, 1),
(5002, 18, '2024-05-16', 1, 1, 1, 1, 1, 0),
(5003, 18, '2024-05-17', 1, 1, 0, 1, 1, 0),
(5004, 18, '2024-05-20', 0, 1, 1, 1, 0, 1),
(5005, 18, '2024-05-21', 1, 1, 1, 1, 0, 1),
(5006, 18, '2024-05-22', 1, 1, 0, 1, 0, 1),
(5007, 18, '2024-05-23', 1, 0, 1, 1, 0, 0),
(5008, 18, '2024-05-24', 1, 0, 0, 1, 1, 1),
(5009, 18, '2024-05-27', 1, 1, 0, 1, 1, 1),
(5010, 18, '2024-05-28', 0, 1, 0, 1, 1, 1),
(5011, 18, '2024-05-29', 1, 1, 1, 0, 0, 1),
(5012, 18, '2024-05-30', 1, 1, 0, 0, 0, 1),
(5013, 18, '2024-05-31', 0, 1, 0, 0, 1, 1),
(5014, 18, '2024-06-03', 0, 1, 1, 1, 1, 1),
(5015, 18, '2024-06-04', 1, 0, 1, 1, 1, 1),
(5016, 18, '2024-06-05', 0, 0, 1, 0, 1, 1),
(5017, 18, '2024-06-06', 1, 0, 1, 1, 0, 1),
(5018, 18, '2024-06-07', 0, 1, 1, 0, 1, 1),
(5019, 19, '2024-04-09', 1, 1, 1, 0, 1, 1),
(5020, 19, '2024-04-10', 0, 0, 0, 1, 1, 1),
(5021, 19, '2024-04-11', 0, 0, 0, 1, 1, 0),
(5022, 19, '2024-04-12', 1, 1, 0, 0, 0, 0),
(5023, 19, '2024-04-15', 0, 0, 1, 1, 1, 0),
(5024, 19, '2024-04-16', 1, 1, 0, 1, 0, 1),
(5025, 19, '2024-04-17', 0, 1, 1, 1, 1, 1),
(5026, 19, '2024-04-18', 1, 1, 1, 0, 1, 1),
(5027, 19, '2024-04-19', 1, 1, 0, 1, 0, 1),
(5028, 19, '2024-04-22', 1, 0, 0, 1, 1, 1),
(5029, 19, '2024-04-23', 1, 1, 1, 0, 0, 1),
(5030, 19, '2024-04-24', 1, 1, 1, 0, 0, 0),
(5031, 19, '2024-04-25', 1, 1, 0, 0, 1, 1),
(5032, 19, '2024-04-26', 0, 1, 1, 0, 1, 1),
(5033, 19, '2024-04-29', 1, 1, 1, 0, 1, 1),
(5034, 19, '2024-04-30', 1, 1, 1, 1, 1, 1),
(5035, 19, '2024-05-01', 1, 0, 1, 1, 1, 1),
(5036, 19, '2024-05-02', 1, 1, 1, 0, 1, 0),
(5037, 19, '2024-05-03', 1, 0, 1, 1, 1, 1),
(5038, 19, '2024-05-06', 1, 1, 0, 1, 0, 1),
(5039, 19, '2024-05-07', 1, 1, 1, 1, 0, 1),
(5040, 19, '2024-05-08', 0, 1, 0, 0, 1, 0),
(5041, 19, '2024-05-09', 1, 0, 0, 1, 1, 1),
(5042, 19, '2024-05-10', 1, 1, 0, 1, 1, 0),
(5043, 19, '2024-05-13', 0, 1, 0, 1, 1, 1),
(5044, 19, '2024-05-14', 1, 1, 1, 1, 1, 1),
(5045, 19, '2024-05-15', 1, 1, 0, 1, 1, 1),
(5046, 19, '2024-05-16', 1, 0, 0, 1, 0, 0),
(5047, 19, '2024-05-17', 1, 0, 0, 1, 0, 0),
(5048, 19, '2024-05-20', 0, 1, 0, 0, 1, 0),
(5049, 19, '2024-05-21', 0, 0, 0, 1, 1, 1),
(5050, 19, '2024-05-22', 0, 1, 1, 1, 1, 1),
(5051, 19, '2024-05-23', 1, 0, 1, 0, 0, 0),
(5052, 19, '2024-05-24', 0, 1, 1, 1, 1, 0),
(5053, 19, '2024-05-27', 1, 1, 1, 1, 0, 1),
(5054, 19, '2024-05-28', 0, 1, 1, 0, 1, 1),
(5055, 19, '2024-05-29', 1, 0, 0, 1, 1, 1),
(5056, 19, '2024-05-30', 1, 1, 0, 1, 1, 1),
(5057, 19, '2024-05-31', 1, 0, 1, 0, 0, 0),
(5058, 19, '2024-06-03', 1, 1, 1, 1, 0, 1),
(5059, 19, '2024-06-04', 1, 1, 1, 0, 0, 1),
(5060, 19, '2024-06-05', 0, 1, 1, 1, 1, 0),
(5061, 19, '2024-06-06', 1, 0, 0, 1, 0, 1),
(5062, 19, '2024-06-07', 1, 1, 1, 0, 0, 0),
(5063, 20, '2024-04-09', 1, 0, 1, 1, 0, 0),
(5064, 20, '2024-04-10', 1, 1, 1, 1, 1, 1),
(5065, 20, '2024-04-11', 1, 1, 0, 0, 1, 1),
(5066, 20, '2024-04-12', 1, 1, 1, 1, 1, 1),
(5067, 20, '2024-04-15', 0, 0, 1, 1, 1, 1),
(5068, 20, '2024-04-16', 1, 1, 1, 0, 1, 1),
(5069, 20, '2024-04-17', 0, 1, 1, 0, 1, 0),
(5070, 20, '2024-04-18', 1, 1, 1, 0, 0, 0),
(5071, 20, '2024-04-19', 0, 0, 1, 0, 0, 1),
(5072, 20, '2024-04-22', 1, 1, 0, 1, 0, 1),
(5073, 20, '2024-04-23', 1, 1, 0, 1, 0, 1),
(5074, 20, '2024-04-24', 1, 0, 0, 0, 1, 1),
(5075, 20, '2024-04-25', 1, 0, 0, 1, 1, 0),
(5076, 20, '2024-04-26', 1, 1, 0, 1, 1, 1),
(5077, 20, '2024-04-29', 0, 0, 1, 1, 1, 1),
(5078, 20, '2024-04-30', 1, 0, 1, 1, 1, 0),
(5079, 20, '2024-05-01', 1, 1, 0, 0, 1, 0),
(5080, 20, '2024-05-02', 0, 1, 0, 0, 0, 1),
(5081, 20, '2024-05-03', 1, 0, 0, 0, 1, 1),
(5082, 20, '2024-05-06', 1, 1, 1, 0, 1, 0),
(5083, 20, '2024-05-07', 0, 1, 1, 0, 1, 1),
(5084, 20, '2024-05-08', 1, 0, 0, 1, 1, 0),
(5085, 20, '2024-05-09', 0, 1, 1, 1, 1, 1),
(5086, 20, '2024-05-10', 1, 1, 0, 1, 1, 1),
(5087, 20, '2024-05-13', 1, 1, 0, 1, 1, 0),
(5088, 20, '2024-05-14', 1, 1, 0, 0, 1, 0),
(5089, 20, '2024-05-15', 0, 1, 1, 0, 1, 1),
(5090, 20, '2024-05-16', 0, 1, 0, 1, 1, 1),
(5091, 20, '2024-05-17', 1, 0, 1, 0, 0, 1),
(5092, 20, '2024-05-20', 1, 0, 0, 1, 1, 1),
(5093, 20, '2024-05-21', 1, 1, 0, 1, 1, 1),
(5094, 20, '2024-05-22', 1, 1, 1, 1, 0, 0),
(5095, 20, '2024-05-23', 1, 1, 1, 1, 1, 1),
(5096, 20, '2024-05-24', 1, 1, 0, 1, 1, 0),
(5097, 20, '2024-05-27', 1, 1, 0, 1, 0, 1),
(5098, 20, '2024-05-28', 1, 0, 1, 0, 0, 1),
(5099, 20, '2024-05-29', 1, 1, 0, 0, 1, 1),
(5100, 20, '2024-05-30', 1, 1, 1, 1, 1, 0),
(5101, 20, '2024-05-31', 0, 1, 1, 1, 0, 1),
(5102, 20, '2024-06-03', 1, 0, 1, 1, 0, 1),
(5103, 20, '2024-06-04', 0, 0, 1, 1, 1, 0),
(5104, 20, '2024-06-05', 1, 1, 1, 1, 1, 1),
(5105, 20, '2024-06-06', 1, 1, 1, 0, 0, 1),
(5106, 20, '2024-06-07', 1, 1, 1, 0, 1, 1),
(5107, 21, '2024-04-09', 1, 1, 1, 1, 0, 1),
(5108, 21, '2024-04-10', 1, 0, 1, 1, 1, 0),
(5109, 21, '2024-04-11', 0, 0, 0, 0, 1, 1),
(5110, 21, '2024-04-12', 1, 0, 1, 1, 1, 0),
(5111, 21, '2024-04-15', 1, 0, 1, 1, 1, 0),
(5112, 21, '2024-04-16', 1, 1, 0, 1, 1, 0),
(5113, 21, '2024-04-17', 0, 1, 1, 1, 1, 0),
(5114, 21, '2024-04-18', 1, 0, 1, 1, 1, 1),
(5115, 21, '2024-04-19', 0, 1, 1, 1, 0, 0),
(5116, 21, '2024-04-22', 1, 1, 0, 1, 0, 1),
(5117, 21, '2024-04-23', 1, 0, 1, 0, 1, 1),
(5118, 21, '2024-04-24', 1, 1, 1, 0, 1, 1),
(5119, 21, '2024-04-25', 1, 0, 0, 1, 1, 0),
(5120, 21, '2024-04-26', 1, 1, 1, 1, 1, 1),
(5121, 21, '2024-04-29', 1, 1, 1, 1, 1, 1),
(5122, 21, '2024-04-30', 1, 1, 1, 0, 1, 1),
(5123, 21, '2024-05-01', 0, 0, 0, 1, 1, 1),
(5124, 21, '2024-05-02', 1, 0, 0, 1, 1, 1),
(5125, 21, '2024-05-03', 1, 1, 1, 1, 1, 0),
(5126, 21, '2024-05-06', 0, 1, 1, 0, 1, 1),
(5127, 21, '2024-05-07', 1, 1, 1, 1, 0, 1),
(5128, 21, '2024-05-08', 1, 0, 1, 1, 0, 0),
(5129, 21, '2024-05-09', 0, 1, 0, 1, 1, 0),
(5130, 21, '2024-05-10', 0, 0, 1, 1, 1, 0),
(5131, 21, '2024-05-13', 1, 0, 1, 0, 0, 1),
(5132, 21, '2024-05-14', 1, 1, 0, 1, 0, 0),
(5133, 21, '2024-05-15', 1, 1, 0, 1, 0, 0),
(5134, 21, '2024-05-16', 1, 0, 1, 0, 1, 0),
(5135, 21, '2024-05-17', 1, 1, 1, 1, 0, 1),
(5136, 21, '2024-05-20', 1, 0, 1, 1, 0, 1),
(5137, 21, '2024-05-21', 0, 1, 1, 0, 0, 1),
(5138, 21, '2024-05-22', 1, 1, 1, 0, 1, 0),
(5139, 21, '2024-05-23', 1, 1, 1, 1, 1, 1),
(5140, 21, '2024-05-24', 1, 1, 0, 0, 1, 1),
(5141, 21, '2024-05-27', 1, 0, 0, 1, 0, 1),
(5142, 21, '2024-05-28', 1, 0, 1, 1, 0, 1),
(5143, 21, '2024-05-29', 1, 1, 1, 0, 1, 1),
(5144, 21, '2024-05-30', 1, 0, 1, 1, 1, 1),
(5145, 21, '2024-05-31', 1, 0, 1, 0, 1, 1),
(5146, 21, '2024-06-03', 0, 0, 0, 1, 1, 1),
(5147, 21, '2024-06-04', 1, 1, 1, 0, 0, 0),
(5148, 21, '2024-06-05', 1, 1, 1, 1, 1, 0),
(5149, 21, '2024-06-06', 0, 1, 1, 1, 1, 1),
(5150, 21, '2024-06-07', 1, 1, 1, 1, 1, 0),
(5151, 22, '2024-04-09', 0, 0, 0, 0, 1, 0),
(5152, 22, '2024-04-10', 1, 1, 1, 1, 0, 0),
(5153, 22, '2024-04-11', 0, 0, 0, 1, 1, 0),
(5154, 22, '2024-04-12', 0, 0, 1, 1, 1, 0),
(5155, 22, '2024-04-15', 0, 1, 1, 1, 1, 1),
(5156, 22, '2024-04-16', 1, 1, 1, 0, 0, 1),
(5157, 22, '2024-04-17', 0, 1, 1, 1, 1, 1),
(5158, 22, '2024-04-18', 1, 1, 1, 1, 1, 1),
(5159, 22, '2024-04-19', 1, 1, 1, 1, 1, 1),
(5160, 22, '2024-04-22', 1, 0, 1, 1, 1, 1),
(5161, 22, '2024-04-23', 1, 1, 0, 1, 1, 0),
(5162, 22, '2024-04-24', 1, 0, 1, 0, 0, 1),
(5163, 22, '2024-04-25', 0, 0, 1, 1, 0, 0),
(5164, 22, '2024-04-26', 1, 0, 0, 1, 0, 0),
(5165, 22, '2024-04-29', 1, 1, 1, 1, 1, 1),
(5166, 22, '2024-04-30', 0, 1, 1, 0, 0, 0),
(5167, 22, '2024-05-01', 0, 1, 1, 1, 1, 1),
(5168, 22, '2024-05-02', 1, 1, 0, 0, 0, 0),
(5169, 22, '2024-05-03', 1, 1, 0, 0, 1, 1),
(5170, 22, '2024-05-06', 0, 1, 1, 1, 0, 0),
(5171, 22, '2024-05-07', 1, 1, 1, 1, 0, 0),
(5172, 22, '2024-05-08', 1, 1, 1, 0, 1, 1),
(5173, 22, '2024-05-09', 1, 1, 1, 0, 1, 1),
(5174, 22, '2024-05-10', 0, 1, 1, 0, 1, 1),
(5175, 22, '2024-05-13', 1, 1, 1, 1, 0, 1),
(5176, 22, '2024-05-14', 1, 1, 0, 1, 0, 0),
(5177, 22, '2024-05-15', 1, 1, 1, 1, 0, 0),
(5178, 22, '2024-05-16', 1, 0, 1, 1, 0, 1),
(5179, 22, '2024-05-17', 0, 1, 1, 1, 1, 1),
(5180, 22, '2024-05-20', 0, 1, 0, 0, 1, 1),
(5181, 22, '2024-05-21', 1, 1, 0, 1, 1, 1),
(5182, 22, '2024-05-22', 0, 1, 1, 0, 1, 1),
(5183, 22, '2024-05-23', 1, 1, 1, 1, 1, 0),
(5184, 22, '2024-05-24', 1, 0, 0, 1, 1, 1),
(5185, 22, '2024-05-27', 1, 0, 0, 1, 0, 1),
(5186, 22, '2024-05-28', 1, 1, 1, 1, 1, 0),
(5187, 22, '2024-05-29', 1, 0, 0, 0, 1, 1),
(5188, 22, '2024-05-30', 0, 1, 1, 0, 0, 1),
(5189, 22, '2024-05-31', 1, 1, 1, 0, 1, 1),
(5190, 22, '2024-06-03', 1, 1, 1, 1, 1, 1),
(5191, 22, '2024-06-04', 0, 0, 0, 0, 0, 1),
(5192, 22, '2024-06-05', 0, 1, 0, 1, 1, 1),
(5193, 22, '2024-06-06', 1, 0, 1, 1, 0, 0),
(5194, 22, '2024-06-07', 1, 1, 0, 0, 1, 0),
(5195, 23, '2024-04-09', 0, 1, 1, 1, 0, 1),
(5196, 23, '2024-04-10', 1, 1, 1, 0, 0, 0),
(5197, 23, '2024-04-11', 1, 0, 1, 1, 0, 0),
(5198, 23, '2024-04-12', 0, 1, 1, 1, 1, 1),
(5199, 23, '2024-04-15', 0, 1, 1, 1, 1, 1),
(5200, 23, '2024-04-16', 1, 0, 1, 0, 1, 1),
(5201, 23, '2024-04-17', 1, 0, 0, 0, 1, 0),
(5202, 23, '2024-04-18', 1, 1, 1, 0, 1, 1),
(5203, 23, '2024-04-19', 1, 1, 1, 0, 1, 0),
(5204, 23, '2024-04-22', 1, 1, 0, 0, 1, 0),
(5205, 23, '2024-04-23', 1, 1, 0, 0, 1, 1),
(5206, 23, '2024-04-24', 0, 1, 0, 0, 0, 1),
(5207, 23, '2024-04-25', 0, 1, 1, 1, 1, 0),
(5208, 23, '2024-04-26', 0, 0, 1, 0, 0, 1),
(5209, 23, '2024-04-29', 1, 0, 1, 1, 0, 1),
(5210, 23, '2024-04-30', 0, 1, 1, 1, 1, 0),
(5211, 23, '2024-05-01', 1, 1, 1, 0, 0, 0),
(5212, 23, '2024-05-02', 1, 0, 1, 1, 1, 1),
(5213, 23, '2024-05-03', 0, 1, 1, 1, 1, 0),
(5214, 23, '2024-05-06', 1, 0, 1, 0, 1, 1),
(5215, 23, '2024-05-07', 1, 0, 1, 0, 1, 1),
(5216, 23, '2024-05-08', 0, 0, 1, 1, 0, 1),
(5217, 23, '2024-05-09', 1, 1, 1, 1, 1, 1),
(5218, 23, '2024-05-10', 0, 0, 1, 1, 0, 1),
(5219, 23, '2024-05-13', 0, 1, 1, 0, 0, 1),
(5220, 23, '2024-05-14', 1, 0, 1, 0, 1, 1),
(5221, 23, '2024-05-15', 1, 1, 0, 1, 1, 1),
(5222, 23, '2024-05-16', 1, 0, 0, 0, 0, 1),
(5223, 23, '2024-05-17', 1, 0, 0, 1, 1, 0),
(5224, 23, '2024-05-20', 1, 0, 0, 0, 1, 0),
(5225, 23, '2024-05-21', 1, 0, 1, 1, 1, 1),
(5226, 23, '2024-05-22', 0, 1, 1, 1, 1, 1),
(5227, 23, '2024-05-23', 1, 0, 1, 1, 1, 0),
(5228, 23, '2024-05-24', 1, 1, 1, 1, 1, 0),
(5229, 23, '2024-05-27', 1, 0, 1, 1, 0, 1),
(5230, 23, '2024-05-28', 1, 1, 0, 1, 0, 0),
(5231, 23, '2024-05-29', 1, 1, 1, 1, 1, 1),
(5232, 23, '2024-05-30', 1, 1, 1, 1, 1, 0),
(5233, 23, '2024-05-31', 0, 1, 1, 1, 1, 1),
(5234, 23, '2024-06-03', 1, 1, 1, 1, 1, 1),
(5235, 23, '2024-06-04', 0, 1, 1, 1, 0, 1),
(5236, 23, '2024-06-05', 1, 1, 1, 0, 0, 1),
(5237, 23, '2024-06-06', 1, 0, 0, 0, 0, 0),
(5238, 23, '2024-06-07', 1, 1, 1, 1, 1, 1),
(5239, 24, '2024-04-09', 0, 1, 1, 0, 0, 0),
(5240, 24, '2024-04-10', 0, 1, 0, 1, 0, 0),
(5241, 24, '2024-04-11', 1, 0, 1, 0, 1, 1),
(5242, 24, '2024-04-12', 1, 0, 1, 0, 1, 1),
(5243, 24, '2024-04-15', 1, 1, 1, 0, 1, 0),
(5244, 24, '2024-04-16', 0, 1, 1, 0, 1, 1),
(5245, 24, '2024-04-17', 1, 1, 1, 0, 0, 0),
(5246, 24, '2024-04-18', 1, 1, 1, 1, 0, 1),
(5247, 24, '2024-04-19', 0, 1, 1, 1, 1, 1),
(5248, 24, '2024-04-22', 1, 1, 1, 1, 0, 0),
(5249, 24, '2024-04-23', 1, 0, 0, 1, 1, 0),
(5250, 24, '2024-04-24', 1, 1, 0, 1, 0, 1),
(5251, 24, '2024-04-25', 1, 1, 1, 1, 1, 0),
(5252, 24, '2024-04-26', 1, 1, 0, 0, 0, 1),
(5253, 24, '2024-04-29', 1, 1, 1, 1, 0, 1),
(5254, 24, '2024-04-30', 1, 1, 1, 0, 0, 0),
(5255, 24, '2024-05-01', 1, 1, 1, 1, 1, 0),
(5256, 24, '2024-05-02', 1, 1, 1, 1, 1, 1),
(5257, 24, '2024-05-03', 1, 1, 0, 0, 1, 1),
(5258, 24, '2024-05-06', 1, 1, 1, 0, 1, 1),
(5259, 24, '2024-05-07', 1, 1, 0, 1, 1, 1),
(5260, 24, '2024-05-08', 1, 1, 1, 1, 1, 0),
(5261, 24, '2024-05-09', 1, 1, 0, 1, 0, 0),
(5262, 24, '2024-05-10', 0, 1, 1, 1, 1, 0),
(5263, 24, '2024-05-13', 0, 0, 0, 1, 0, 1),
(5264, 24, '2024-05-14', 1, 1, 1, 1, 0, 1),
(5265, 24, '2024-05-15', 1, 1, 1, 0, 0, 1),
(5266, 24, '2024-05-16', 1, 1, 1, 0, 1, 1),
(5267, 24, '2024-05-17', 0, 0, 1, 0, 1, 1),
(5268, 24, '2024-05-20', 0, 1, 0, 1, 0, 1),
(5269, 24, '2024-05-21', 0, 1, 1, 0, 0, 1),
(5270, 24, '2024-05-22', 1, 0, 1, 1, 1, 1),
(5271, 24, '2024-05-23', 0, 1, 1, 1, 1, 0),
(5272, 24, '2024-05-24', 1, 0, 1, 1, 1, 1),
(5273, 24, '2024-05-27', 0, 1, 1, 1, 1, 0),
(5274, 24, '2024-05-28', 1, 0, 0, 1, 0, 1),
(5275, 24, '2024-05-29', 1, 1, 1, 1, 0, 1),
(5276, 24, '2024-05-30', 1, 0, 1, 1, 0, 1),
(5277, 24, '2024-05-31', 1, 1, 0, 1, 1, 0),
(5278, 24, '2024-06-03', 1, 0, 0, 1, 1, 1),
(5279, 24, '2024-06-04', 1, 0, 0, 1, 1, 1),
(5280, 24, '2024-06-05', 1, 0, 0, 1, 1, 0),
(5281, 24, '2024-06-06', 1, 0, 0, 0, 1, 1),
(5282, 24, '2024-06-07', 0, 1, 1, 1, 0, 1),
(5283, 25, '2024-04-09', 1, 0, 1, 1, 1, 1),
(5284, 25, '2024-04-10', 1, 0, 1, 1, 1, 1),
(5285, 25, '2024-04-11', 1, 1, 0, 1, 1, 0),
(5286, 25, '2024-04-12', 1, 0, 1, 1, 1, 0),
(5287, 25, '2024-04-15', 0, 1, 1, 1, 1, 1),
(5288, 25, '2024-04-16', 1, 1, 1, 1, 1, 1),
(5289, 25, '2024-04-17', 0, 1, 1, 1, 0, 0),
(5290, 25, '2024-04-18', 1, 1, 1, 1, 1, 0),
(5291, 25, '2024-04-19', 1, 1, 0, 1, 1, 1),
(5292, 25, '2024-04-22', 1, 1, 1, 0, 0, 1),
(5293, 25, '2024-04-23', 0, 0, 1, 0, 1, 0),
(5294, 25, '2024-04-24', 1, 1, 1, 1, 0, 1),
(5295, 25, '2024-04-25', 1, 1, 1, 1, 1, 0),
(5296, 25, '2024-04-26', 1, 0, 1, 0, 1, 1),
(5297, 25, '2024-04-29', 0, 1, 1, 1, 1, 1),
(5298, 25, '2024-04-30', 1, 1, 0, 1, 0, 1),
(5299, 25, '2024-05-01', 0, 1, 1, 0, 1, 1),
(5300, 25, '2024-05-02', 1, 1, 0, 1, 1, 1),
(5301, 25, '2024-05-03', 1, 1, 0, 1, 1, 1),
(5302, 25, '2024-05-06', 1, 1, 1, 1, 1, 1),
(5303, 25, '2024-05-07', 1, 1, 0, 1, 1, 1),
(5304, 25, '2024-05-08', 1, 1, 0, 0, 0, 0),
(5305, 25, '2024-05-09', 1, 0, 0, 1, 1, 1),
(5306, 25, '2024-05-10', 1, 1, 1, 1, 1, 0),
(5307, 25, '2024-05-13', 1, 1, 0, 1, 1, 1),
(5308, 25, '2024-05-14', 0, 0, 0, 0, 0, 1),
(5309, 25, '2024-05-15', 1, 1, 1, 1, 0, 0),
(5310, 25, '2024-05-16', 0, 1, 0, 0, 1, 1),
(5311, 25, '2024-05-17', 1, 1, 0, 0, 1, 1),
(5312, 25, '2024-05-20', 1, 0, 1, 0, 1, 0),
(5313, 25, '2024-05-21', 1, 0, 0, 0, 1, 1),
(5314, 25, '2024-05-22', 0, 1, 1, 0, 0, 1),
(5315, 25, '2024-05-23', 1, 0, 1, 0, 0, 1),
(5316, 25, '2024-05-24', 1, 1, 0, 0, 1, 1),
(5317, 25, '2024-05-27', 1, 1, 1, 0, 1, 0),
(5318, 25, '2024-05-28', 1, 1, 1, 1, 1, 0),
(5319, 25, '2024-05-29', 1, 1, 1, 0, 1, 1),
(5320, 25, '2024-05-30', 1, 1, 1, 1, 1, 0),
(5321, 25, '2024-05-31', 1, 1, 1, 1, 1, 1),
(5322, 25, '2024-06-03', 1, 1, 0, 1, 1, 0),
(5323, 25, '2024-06-04', 1, 1, 1, 0, 0, 0),
(5324, 25, '2024-06-05', 1, 1, 0, 0, 1, 0),
(5325, 25, '2024-06-06', 1, 1, 0, 0, 1, 1),
(5326, 25, '2024-06-07', 1, 1, 0, 1, 1, 1),
(5327, 26, '2024-04-09', 1, 1, 0, 1, 1, 1),
(5328, 26, '2024-04-10', 0, 0, 1, 1, 1, 1),
(5329, 26, '2024-04-11', 0, 1, 1, 1, 0, 1),
(5330, 26, '2024-04-12', 0, 1, 1, 0, 1, 0),
(5331, 26, '2024-04-15', 0, 1, 1, 1, 1, 0),
(5332, 26, '2024-04-16', 0, 1, 1, 0, 1, 0),
(5333, 26, '2024-04-17', 1, 1, 0, 0, 1, 0),
(5334, 26, '2024-04-18', 0, 1, 1, 0, 0, 1),
(5335, 26, '2024-04-19', 1, 1, 0, 1, 1, 0),
(5336, 26, '2024-04-22', 1, 1, 0, 1, 1, 1),
(5337, 26, '2024-04-23', 1, 0, 1, 1, 1, 0),
(5338, 26, '2024-04-24', 0, 1, 0, 1, 1, 1),
(5339, 26, '2024-04-25', 0, 0, 1, 1, 1, 0),
(5340, 26, '2024-04-26', 0, 0, 1, 1, 1, 0),
(5341, 26, '2024-04-29', 1, 1, 0, 1, 1, 1),
(5342, 26, '2024-04-30', 1, 1, 1, 1, 0, 0),
(5343, 26, '2024-05-01', 1, 0, 1, 1, 0, 1),
(5344, 26, '2024-05-02', 1, 1, 0, 1, 1, 1),
(5345, 26, '2024-05-03', 1, 0, 0, 1, 1, 0),
(5346, 26, '2024-05-06', 1, 1, 0, 0, 0, 1),
(5347, 26, '2024-05-07', 1, 1, 0, 1, 0, 1),
(5348, 26, '2024-05-08', 1, 0, 1, 1, 1, 0),
(5349, 26, '2024-05-09', 1, 1, 1, 1, 1, 1),
(5350, 26, '2024-05-10', 1, 1, 1, 1, 1, 1),
(5351, 26, '2024-05-13', 1, 1, 1, 1, 1, 1),
(5352, 26, '2024-05-14', 0, 0, 0, 0, 1, 0),
(5353, 26, '2024-05-15', 1, 0, 1, 1, 1, 1),
(5354, 26, '2024-05-16', 1, 1, 1, 1, 0, 1),
(5355, 26, '2024-05-17', 1, 0, 1, 1, 0, 1),
(5356, 26, '2024-05-20', 0, 1, 1, 1, 1, 1),
(5357, 26, '2024-05-21', 0, 0, 0, 0, 1, 0),
(5358, 26, '2024-05-22', 0, 1, 0, 1, 1, 1),
(5359, 26, '2024-05-23', 0, 1, 1, 1, 0, 1),
(5360, 26, '2024-05-24', 0, 0, 1, 0, 0, 0),
(5361, 26, '2024-05-27', 1, 1, 0, 1, 1, 1),
(5362, 26, '2024-05-28', 1, 1, 1, 1, 0, 1),
(5363, 26, '2024-05-29', 1, 0, 1, 1, 0, 1),
(5364, 26, '2024-05-30', 0, 1, 0, 1, 1, 0),
(5365, 26, '2024-05-31', 1, 1, 1, 1, 1, 0),
(5366, 26, '2024-06-03', 1, 1, 1, 1, 0, 1),
(5367, 26, '2024-06-04', 1, 1, 1, 1, 0, 1),
(5368, 26, '2024-06-05', 1, 1, 0, 1, 1, 0),
(5369, 26, '2024-06-06', 1, 1, 1, 1, 0, 1),
(5370, 26, '2024-06-07', 1, 1, 0, 1, 0, 1),
(5371, 27, '2024-04-09', 1, 1, 1, 0, 1, 0),
(5372, 27, '2024-04-10', 0, 0, 0, 0, 0, 1),
(5373, 27, '2024-04-11', 0, 0, 1, 1, 0, 1),
(5374, 27, '2024-04-12', 1, 1, 1, 1, 1, 1),
(5375, 27, '2024-04-15', 1, 1, 1, 1, 0, 1),
(5376, 27, '2024-04-16', 1, 1, 0, 0, 1, 1),
(5377, 27, '2024-04-17', 1, 1, 1, 0, 1, 1),
(5378, 27, '2024-04-18', 1, 1, 1, 1, 1, 0),
(5379, 27, '2024-04-19', 1, 0, 1, 0, 1, 0),
(5380, 27, '2024-04-22', 0, 0, 1, 1, 0, 1),
(5381, 27, '2024-04-23', 0, 0, 1, 0, 0, 1),
(5382, 27, '2024-04-24', 1, 0, 0, 0, 1, 1),
(5383, 27, '2024-04-25', 1, 1, 1, 1, 1, 1),
(5384, 27, '2024-04-26', 1, 1, 1, 0, 1, 0),
(5385, 27, '2024-04-29', 0, 1, 1, 1, 1, 0),
(5386, 27, '2024-04-30', 0, 1, 0, 0, 1, 0),
(5387, 27, '2024-05-01', 1, 1, 1, 1, 1, 1),
(5388, 27, '2024-05-02', 0, 0, 0, 1, 0, 1),
(5389, 27, '2024-05-03', 1, 0, 0, 0, 1, 1),
(5390, 27, '2024-05-06', 1, 1, 1, 0, 1, 1),
(5391, 27, '2024-05-07', 0, 1, 1, 1, 1, 0),
(5392, 27, '2024-05-08', 1, 1, 0, 1, 1, 1),
(5393, 27, '2024-05-09', 0, 1, 1, 1, 0, 1),
(5394, 27, '2024-05-10', 1, 0, 1, 0, 1, 1),
(5395, 27, '2024-05-13', 1, 0, 1, 1, 0, 1),
(5396, 27, '2024-05-14', 1, 1, 1, 0, 0, 0),
(5397, 27, '2024-05-15', 1, 1, 1, 1, 1, 1),
(5398, 27, '2024-05-16', 1, 0, 1, 0, 1, 1),
(5399, 27, '2024-05-17', 0, 1, 1, 1, 0, 0),
(5400, 27, '2024-05-20', 1, 1, 0, 0, 1, 0),
(5401, 27, '2024-05-21', 0, 0, 1, 1, 1, 0),
(5402, 27, '2024-05-22', 1, 1, 0, 1, 1, 1),
(5403, 27, '2024-05-23', 1, 1, 1, 0, 1, 0),
(5404, 27, '2024-05-24', 0, 1, 1, 0, 0, 0),
(5405, 27, '2024-05-27', 1, 1, 0, 0, 1, 1),
(5406, 27, '2024-05-28', 0, 0, 1, 1, 0, 1),
(5407, 27, '2024-05-29', 1, 0, 1, 1, 1, 0),
(5408, 27, '2024-05-30', 0, 1, 1, 0, 1, 0),
(5409, 27, '2024-05-31', 0, 0, 0, 0, 1, 1),
(5410, 27, '2024-06-03', 0, 1, 1, 1, 1, 1),
(5411, 27, '2024-06-04', 1, 1, 0, 0, 1, 1),
(5412, 27, '2024-06-05', 1, 1, 1, 1, 1, 0),
(5413, 27, '2024-06-06', 1, 0, 0, 0, 1, 0),
(5414, 27, '2024-06-07', 1, 0, 1, 1, 1, 1),
(5415, 28, '2024-04-09', 1, 1, 1, 0, 1, 1),
(5416, 28, '2024-04-10', 1, 0, 1, 0, 0, 1),
(5417, 28, '2024-04-11', 1, 1, 0, 1, 0, 0),
(5418, 28, '2024-04-12', 1, 1, 0, 1, 1, 1),
(5419, 28, '2024-04-15', 1, 1, 0, 1, 0, 1),
(5420, 28, '2024-04-16', 0, 1, 1, 1, 1, 0),
(5421, 28, '2024-04-17', 0, 1, 1, 0, 0, 1),
(5422, 28, '2024-04-18', 0, 0, 1, 1, 1, 1);
INSERT INTO `daily_attendance` (`id`, `student_id`, `date`, `period1`, `period2`, `period3`, `period4`, `period5`, `period6`) VALUES
(5423, 28, '2024-04-19', 0, 1, 1, 1, 1, 1),
(5424, 28, '2024-04-22', 1, 1, 1, 1, 1, 0),
(5425, 28, '2024-04-23', 1, 1, 1, 1, 1, 1),
(5426, 28, '2024-04-24', 1, 0, 0, 0, 0, 0),
(5427, 28, '2024-04-25', 1, 1, 1, 1, 0, 0),
(5428, 28, '2024-04-26', 1, 0, 1, 0, 1, 0),
(5429, 28, '2024-04-29', 0, 1, 1, 1, 1, 1),
(5430, 28, '2024-04-30', 0, 1, 1, 1, 1, 1),
(5431, 28, '2024-05-01', 1, 1, 0, 1, 0, 0),
(5432, 28, '2024-05-02', 1, 1, 1, 0, 1, 0),
(5433, 28, '2024-05-03', 0, 1, 1, 0, 1, 0),
(5434, 28, '2024-05-06', 1, 0, 0, 1, 1, 1),
(5435, 28, '2024-05-07', 1, 0, 1, 1, 1, 0),
(5436, 28, '2024-05-08', 1, 0, 0, 1, 1, 1),
(5437, 28, '2024-05-09', 0, 1, 1, 1, 1, 0),
(5438, 28, '2024-05-10', 0, 1, 1, 1, 1, 1),
(5439, 28, '2024-05-13', 0, 1, 0, 1, 0, 1),
(5440, 28, '2024-05-14', 1, 0, 1, 1, 1, 0),
(5441, 28, '2024-05-15', 1, 1, 1, 1, 0, 0),
(5442, 28, '2024-05-16', 1, 0, 1, 0, 1, 0),
(5443, 28, '2024-05-17', 1, 1, 0, 1, 1, 1),
(5444, 28, '2024-05-20', 1, 1, 0, 0, 1, 0),
(5445, 28, '2024-05-21', 0, 1, 1, 1, 0, 1),
(5446, 28, '2024-05-22', 1, 1, 1, 1, 1, 0),
(5447, 28, '2024-05-23', 1, 1, 0, 1, 1, 0),
(5448, 28, '2024-05-24', 1, 0, 0, 1, 0, 1),
(5449, 28, '2024-05-27', 1, 1, 1, 0, 1, 0),
(5450, 28, '2024-05-28', 1, 0, 0, 0, 1, 1),
(5451, 28, '2024-05-29', 1, 1, 0, 0, 1, 1),
(5452, 28, '2024-05-30', 0, 1, 0, 1, 1, 0),
(5453, 28, '2024-05-31', 0, 0, 0, 1, 0, 1),
(5454, 28, '2024-06-03', 1, 0, 0, 1, 1, 1),
(5455, 28, '2024-06-04', 0, 1, 1, 1, 0, 1),
(5456, 28, '2024-06-05', 1, 0, 0, 1, 1, 1),
(5457, 28, '2024-06-06', 0, 1, 0, 0, 0, 0),
(5458, 28, '2024-06-07', 1, 0, 0, 1, 0, 1),
(5459, 29, '2024-04-09', 1, 1, 0, 0, 1, 1),
(5460, 29, '2024-04-10', 0, 1, 1, 0, 1, 1),
(5461, 29, '2024-04-11', 1, 1, 1, 0, 1, 0),
(5462, 29, '2024-04-12', 0, 1, 1, 0, 1, 0),
(5463, 29, '2024-04-15', 0, 1, 1, 1, 1, 1),
(5464, 29, '2024-04-16', 0, 0, 1, 1, 1, 1),
(5465, 29, '2024-04-17', 0, 1, 1, 1, 0, 1),
(5466, 29, '2024-04-18', 0, 1, 0, 0, 1, 1),
(5467, 29, '2024-04-19', 1, 1, 0, 1, 1, 1),
(5468, 29, '2024-04-22', 1, 0, 1, 0, 1, 0),
(5469, 29, '2024-04-23', 0, 1, 0, 0, 1, 1),
(5470, 29, '2024-04-24', 1, 1, 1, 1, 0, 0),
(5471, 29, '2024-04-25', 1, 1, 1, 1, 1, 1),
(5472, 29, '2024-04-26', 1, 0, 1, 0, 1, 0),
(5473, 29, '2024-04-29', 1, 1, 1, 1, 1, 1),
(5474, 29, '2024-04-30', 1, 1, 1, 1, 1, 0),
(5475, 29, '2024-05-01', 1, 0, 1, 1, 0, 1),
(5476, 29, '2024-05-02', 0, 0, 1, 1, 1, 0),
(5477, 29, '2024-05-03', 1, 0, 1, 1, 1, 1),
(5478, 29, '2024-05-06', 0, 1, 1, 1, 1, 1),
(5479, 29, '2024-05-07', 0, 1, 0, 1, 1, 1),
(5480, 29, '2024-05-08', 1, 0, 0, 1, 1, 0),
(5481, 29, '2024-05-09', 1, 0, 1, 0, 1, 0),
(5482, 29, '2024-05-10', 1, 0, 0, 1, 1, 0),
(5483, 29, '2024-05-13', 0, 0, 1, 1, 1, 1),
(5484, 29, '2024-05-14', 1, 1, 1, 1, 0, 1),
(5485, 29, '2024-05-15', 1, 0, 1, 1, 1, 1),
(5486, 29, '2024-05-16', 1, 0, 1, 1, 0, 1),
(5487, 29, '2024-05-17', 0, 1, 1, 1, 0, 1),
(5488, 29, '2024-05-20', 1, 1, 1, 1, 0, 1),
(5489, 29, '2024-05-21', 0, 1, 1, 1, 1, 1),
(5490, 29, '2024-05-22', 1, 1, 1, 0, 1, 1),
(5491, 29, '2024-05-23', 1, 0, 1, 0, 0, 0),
(5492, 29, '2024-05-24', 0, 1, 0, 1, 1, 0),
(5493, 29, '2024-05-27', 1, 0, 1, 1, 1, 1),
(5494, 29, '2024-05-28', 0, 1, 0, 1, 1, 0),
(5495, 29, '2024-05-29', 1, 1, 0, 0, 0, 1),
(5496, 29, '2024-05-30', 1, 1, 1, 1, 1, 1),
(5497, 29, '2024-05-31', 0, 0, 1, 0, 1, 1),
(5498, 29, '2024-06-03', 0, 1, 1, 0, 1, 0),
(5499, 29, '2024-06-04', 0, 1, 1, 1, 0, 1),
(5500, 29, '2024-06-05', 1, 0, 1, 1, 1, 1),
(5501, 29, '2024-06-06', 1, 1, 0, 0, 1, 1),
(5502, 29, '2024-06-07', 0, 1, 0, 1, 0, 1),
(5503, 30, '2024-04-09', 0, 0, 0, 1, 1, 0),
(5504, 30, '2024-04-10', 1, 1, 1, 0, 1, 1),
(5505, 30, '2024-04-11', 0, 1, 1, 1, 0, 1),
(5506, 30, '2024-04-12', 0, 1, 0, 0, 1, 1),
(5507, 30, '2024-04-15', 1, 1, 1, 1, 1, 1),
(5508, 30, '2024-04-16', 1, 1, 1, 0, 1, 0),
(5509, 30, '2024-04-17', 0, 1, 1, 0, 1, 0),
(5510, 30, '2024-04-18', 1, 1, 0, 0, 1, 1),
(5511, 30, '2024-04-19', 1, 1, 1, 0, 0, 1),
(5512, 30, '2024-04-22', 0, 1, 1, 1, 1, 0),
(5513, 30, '2024-04-23', 0, 1, 0, 1, 1, 1),
(5514, 30, '2024-04-24', 0, 1, 1, 1, 1, 1),
(5515, 30, '2024-04-25', 1, 0, 0, 1, 1, 0),
(5516, 30, '2024-04-26', 1, 1, 1, 1, 1, 1),
(5517, 30, '2024-04-29', 0, 1, 0, 0, 1, 0),
(5518, 30, '2024-04-30', 1, 1, 1, 1, 1, 1),
(5519, 30, '2024-05-01', 1, 1, 0, 0, 0, 1),
(5520, 30, '2024-05-02', 1, 1, 1, 1, 1, 1),
(5521, 30, '2024-05-03', 1, 1, 1, 1, 1, 1),
(5522, 30, '2024-05-06', 1, 1, 0, 1, 1, 1),
(5523, 30, '2024-05-07', 0, 0, 1, 1, 1, 1),
(5524, 30, '2024-05-08', 1, 1, 1, 1, 1, 0),
(5525, 30, '2024-05-09', 1, 1, 1, 1, 1, 0),
(5526, 30, '2024-05-10', 0, 1, 1, 0, 0, 1),
(5527, 30, '2024-05-13', 1, 0, 1, 1, 1, 0),
(5528, 30, '2024-05-14', 1, 0, 0, 0, 1, 0),
(5529, 30, '2024-05-15', 1, 0, 1, 0, 1, 1),
(5530, 30, '2024-05-16', 0, 0, 1, 1, 1, 1),
(5531, 30, '2024-05-17', 0, 0, 1, 0, 1, 0),
(5532, 30, '2024-05-20', 0, 1, 1, 1, 1, 1),
(5533, 30, '2024-05-21', 1, 0, 0, 1, 1, 1),
(5534, 30, '2024-05-22', 1, 1, 0, 1, 0, 0),
(5535, 30, '2024-05-23', 0, 1, 1, 0, 1, 1),
(5536, 30, '2024-05-24', 1, 1, 0, 1, 1, 0),
(5537, 30, '2024-05-27', 0, 1, 1, 1, 1, 1),
(5538, 30, '2024-05-28', 1, 1, 0, 0, 1, 0),
(5539, 30, '2024-05-29', 1, 1, 1, 1, 1, 1),
(5540, 30, '2024-05-30', 0, 1, 0, 0, 0, 1),
(5541, 30, '2024-05-31', 0, 1, 1, 0, 0, 0),
(5542, 30, '2024-06-03', 0, 1, 1, 1, 0, 1),
(5543, 30, '2024-06-04', 1, 1, 0, 1, 0, 1),
(5544, 30, '2024-06-05', 0, 1, 0, 0, 0, 0),
(5545, 30, '2024-06-06', 0, 0, 1, 1, 1, 1),
(5546, 30, '2024-06-07', 0, 0, 0, 1, 0, 1),
(5547, 31, '2024-04-09', 0, 1, 0, 1, 1, 0),
(5548, 31, '2024-04-10', 1, 1, 1, 0, 0, 0),
(5549, 31, '2024-04-11', 1, 0, 1, 0, 0, 1),
(5550, 31, '2024-04-12', 1, 1, 1, 1, 1, 0),
(5551, 31, '2024-04-15', 0, 1, 0, 0, 1, 0),
(5552, 31, '2024-04-16', 1, 1, 1, 1, 1, 1),
(5553, 31, '2024-04-17', 0, 0, 0, 1, 0, 0),
(5554, 31, '2024-04-18', 0, 1, 1, 0, 1, 1),
(5555, 31, '2024-04-19', 0, 1, 1, 1, 1, 0),
(5556, 31, '2024-04-22', 0, 1, 0, 0, 0, 1),
(5557, 31, '2024-04-23', 0, 0, 0, 1, 1, 1),
(5558, 31, '2024-04-24', 1, 1, 0, 1, 1, 1),
(5559, 31, '2024-04-25', 1, 1, 1, 0, 1, 1),
(5560, 31, '2024-04-26', 1, 1, 1, 1, 1, 1),
(5561, 31, '2024-04-29', 1, 1, 1, 1, 1, 1),
(5562, 31, '2024-04-30', 1, 1, 1, 0, 1, 0),
(5563, 31, '2024-05-01', 1, 1, 0, 1, 1, 1),
(5564, 31, '2024-05-02', 1, 0, 0, 1, 1, 1),
(5565, 31, '2024-05-03', 1, 1, 1, 1, 0, 1),
(5566, 31, '2024-05-06', 0, 1, 1, 1, 0, 1),
(5567, 31, '2024-05-07', 0, 1, 1, 0, 1, 1),
(5568, 31, '2024-05-08', 1, 1, 1, 1, 0, 1),
(5569, 31, '2024-05-09', 0, 1, 0, 0, 1, 1),
(5570, 31, '2024-05-10', 1, 1, 0, 0, 1, 0),
(5571, 31, '2024-05-13', 1, 1, 1, 1, 0, 1),
(5572, 31, '2024-05-14', 0, 1, 1, 1, 1, 1),
(5573, 31, '2024-05-15', 0, 0, 1, 0, 1, 1),
(5574, 31, '2024-05-16', 0, 0, 1, 1, 1, 1),
(5575, 31, '2024-05-17', 1, 1, 0, 0, 0, 1),
(5576, 31, '2024-05-20', 1, 1, 1, 0, 0, 1),
(5577, 31, '2024-05-21', 0, 0, 1, 0, 0, 1),
(5578, 31, '2024-05-22', 0, 1, 1, 0, 0, 0),
(5579, 31, '2024-05-23', 0, 1, 0, 0, 1, 1),
(5580, 31, '2024-05-24', 1, 0, 1, 1, 1, 1),
(5581, 31, '2024-05-27', 1, 1, 1, 0, 1, 0),
(5582, 31, '2024-05-28', 1, 0, 0, 0, 1, 1),
(5583, 31, '2024-05-29', 1, 1, 1, 0, 1, 0),
(5584, 31, '2024-05-30', 0, 1, 1, 0, 1, 0),
(5585, 31, '2024-05-31', 1, 1, 1, 1, 0, 0),
(5586, 31, '2024-06-03', 1, 0, 1, 1, 1, 1),
(5587, 31, '2024-06-04', 0, 0, 1, 1, 0, 1),
(5588, 31, '2024-06-05', 1, 1, 1, 1, 1, 1),
(5589, 31, '2024-06-06', 0, 0, 1, 1, 0, 1),
(5590, 31, '2024-06-07', 1, 0, 0, 0, 0, 0),
(5591, 32, '2024-04-09', 0, 1, 0, 0, 0, 1),
(5592, 32, '2024-04-10', 0, 1, 1, 1, 1, 0),
(5593, 32, '2024-04-11', 0, 0, 0, 1, 1, 1),
(5594, 32, '2024-04-12', 1, 1, 0, 1, 1, 0),
(5595, 32, '2024-04-15', 1, 1, 1, 0, 0, 1),
(5596, 32, '2024-04-16', 0, 1, 1, 1, 1, 1),
(5597, 32, '2024-04-17', 1, 1, 1, 1, 0, 1),
(5598, 32, '2024-04-18', 0, 0, 1, 1, 1, 0),
(5599, 32, '2024-04-19', 1, 0, 1, 1, 1, 1),
(5600, 32, '2024-04-22', 1, 1, 0, 0, 0, 0),
(5601, 32, '2024-04-23', 0, 1, 1, 1, 1, 0),
(5602, 32, '2024-04-24', 1, 1, 1, 1, 1, 1),
(5603, 32, '2024-04-25', 0, 0, 1, 1, 1, 1),
(5604, 32, '2024-04-26', 0, 1, 1, 1, 0, 0),
(5605, 32, '2024-04-29', 0, 1, 0, 1, 1, 1),
(5606, 32, '2024-04-30', 1, 0, 1, 1, 1, 0),
(5607, 32, '2024-05-01', 1, 1, 1, 1, 1, 1),
(5608, 32, '2024-05-02', 1, 1, 0, 1, 1, 0),
(5609, 32, '2024-05-03', 0, 0, 1, 1, 1, 0),
(5610, 32, '2024-05-06', 1, 0, 1, 0, 0, 1),
(5611, 32, '2024-05-07', 1, 1, 1, 1, 0, 1),
(5612, 32, '2024-05-08', 0, 1, 1, 1, 1, 1),
(5613, 32, '2024-05-09', 0, 1, 1, 1, 0, 0),
(5614, 32, '2024-05-10', 1, 0, 1, 0, 0, 1),
(5615, 32, '2024-05-13', 1, 1, 1, 1, 1, 1),
(5616, 32, '2024-05-14', 0, 1, 1, 0, 1, 0),
(5617, 32, '2024-05-15', 0, 0, 1, 1, 1, 1),
(5618, 32, '2024-05-16', 0, 1, 1, 0, 1, 0),
(5619, 32, '2024-05-17', 1, 0, 1, 1, 0, 0),
(5620, 32, '2024-05-20', 0, 0, 1, 0, 1, 1),
(5621, 32, '2024-05-21', 1, 0, 1, 0, 0, 1),
(5622, 32, '2024-05-22', 0, 0, 1, 1, 0, 1),
(5623, 32, '2024-05-23', 1, 0, 0, 1, 1, 0),
(5624, 32, '2024-05-24', 0, 0, 1, 0, 0, 1),
(5625, 32, '2024-05-27', 1, 0, 1, 0, 1, 0),
(5626, 32, '2024-05-28', 0, 1, 1, 1, 1, 0),
(5627, 32, '2024-05-29', 1, 0, 0, 1, 0, 1),
(5628, 32, '2024-05-30', 0, 1, 1, 0, 1, 1),
(5629, 32, '2024-05-31', 1, 1, 0, 0, 1, 1),
(5630, 32, '2024-06-03', 1, 1, 0, 0, 0, 1),
(5631, 32, '2024-06-04', 1, 0, 1, 1, 1, 1),
(5632, 32, '2024-06-05', 1, 1, 0, 0, 0, 0),
(5633, 32, '2024-06-06', 1, 0, 0, 0, 1, 1),
(5634, 32, '2024-06-07', 1, 1, 0, 1, 1, 0),
(5635, 33, '2024-04-09', 1, 0, 1, 1, 0, 0),
(5636, 33, '2024-04-10', 1, 0, 0, 1, 0, 1),
(5637, 33, '2024-04-11', 1, 1, 1, 1, 0, 0),
(5638, 33, '2024-04-12', 1, 1, 1, 0, 1, 0),
(5639, 33, '2024-04-15', 1, 1, 0, 0, 1, 1),
(5640, 33, '2024-04-16', 0, 1, 1, 0, 1, 1),
(5641, 33, '2024-04-17', 1, 1, 0, 1, 0, 1),
(5642, 33, '2024-04-18', 1, 0, 1, 0, 1, 1),
(5643, 33, '2024-04-19', 1, 1, 1, 1, 0, 1),
(5644, 33, '2024-04-22', 1, 1, 1, 1, 1, 1),
(5645, 33, '2024-04-23', 0, 1, 1, 1, 1, 1),
(5646, 33, '2024-04-24', 1, 1, 0, 1, 0, 0),
(5647, 33, '2024-04-25', 1, 1, 1, 0, 1, 0),
(5648, 33, '2024-04-26', 1, 1, 0, 0, 0, 1),
(5649, 33, '2024-04-29', 1, 1, 1, 1, 1, 1),
(5650, 33, '2024-04-30', 1, 0, 0, 1, 1, 1),
(5651, 33, '2024-05-01', 1, 1, 1, 0, 1, 1),
(5652, 33, '2024-05-02', 1, 1, 1, 0, 1, 0),
(5653, 33, '2024-05-03', 1, 0, 1, 0, 1, 1),
(5654, 33, '2024-05-06', 0, 0, 1, 0, 1, 0),
(5655, 33, '2024-05-07', 0, 0, 0, 1, 1, 1),
(5656, 33, '2024-05-08', 0, 1, 1, 1, 1, 0),
(5657, 33, '2024-05-09', 0, 0, 1, 1, 1, 1),
(5658, 33, '2024-05-10', 1, 1, 0, 1, 1, 1),
(5659, 33, '2024-05-13', 0, 1, 1, 0, 0, 1),
(5660, 33, '2024-05-14', 1, 0, 1, 1, 1, 0),
(5661, 33, '2024-05-15', 1, 1, 0, 1, 1, 1),
(5662, 33, '2024-05-16', 1, 1, 1, 1, 0, 0),
(5663, 33, '2024-05-17', 0, 0, 1, 0, 0, 1),
(5664, 33, '2024-05-20', 0, 1, 0, 0, 0, 1),
(5665, 33, '2024-05-21', 1, 1, 1, 0, 0, 0),
(5666, 33, '2024-05-22', 1, 1, 0, 1, 1, 1),
(5667, 33, '2024-05-23', 0, 0, 1, 0, 1, 0),
(5668, 33, '2024-05-24', 1, 1, 0, 0, 0, 1),
(5669, 33, '2024-05-27', 0, 0, 1, 1, 1, 1),
(5670, 33, '2024-05-28', 1, 1, 1, 1, 1, 1),
(5671, 33, '2024-05-29', 1, 1, 1, 1, 0, 1),
(5672, 33, '2024-05-30', 0, 1, 1, 1, 1, 1),
(5673, 33, '2024-05-31', 1, 1, 1, 1, 0, 0),
(5674, 33, '2024-06-03', 0, 0, 1, 1, 0, 1),
(5675, 33, '2024-06-04', 1, 0, 0, 0, 0, 0),
(5676, 33, '2024-06-05', 0, 0, 0, 1, 0, 1),
(5677, 33, '2024-06-06', 0, 1, 0, 0, 1, 1),
(5678, 33, '2024-06-07', 0, 0, 1, 1, 1, 1),
(5679, 34, '2024-04-09', 1, 1, 1, 1, 0, 1),
(5680, 34, '2024-04-10', 1, 1, 1, 0, 1, 0),
(5681, 34, '2024-04-11', 1, 1, 1, 1, 0, 1),
(5682, 34, '2024-04-12', 1, 1, 1, 1, 0, 1),
(5683, 34, '2024-04-15', 1, 1, 1, 0, 0, 1),
(5684, 34, '2024-04-16', 1, 1, 1, 1, 0, 1),
(5685, 34, '2024-04-17', 0, 0, 1, 1, 0, 1),
(5686, 34, '2024-04-18', 1, 0, 1, 0, 0, 1),
(5687, 34, '2024-04-19', 0, 0, 1, 1, 0, 1),
(5688, 34, '2024-04-22', 0, 1, 1, 1, 0, 0),
(5689, 34, '2024-04-23', 1, 0, 1, 1, 1, 1),
(5690, 34, '2024-04-24', 0, 1, 0, 1, 1, 1),
(5691, 34, '2024-04-25', 0, 1, 1, 1, 1, 1),
(5692, 34, '2024-04-26', 1, 1, 0, 0, 0, 1),
(5693, 34, '2024-04-29', 0, 1, 1, 0, 1, 1),
(5694, 34, '2024-04-30', 0, 0, 0, 0, 1, 1),
(5695, 34, '2024-05-01', 1, 1, 1, 0, 1, 0),
(5696, 34, '2024-05-02', 1, 0, 1, 1, 1, 1),
(5697, 34, '2024-05-03', 0, 1, 0, 0, 1, 1),
(5698, 34, '2024-05-06', 1, 1, 1, 1, 1, 1),
(5699, 34, '2024-05-07', 1, 0, 1, 1, 0, 1),
(5700, 34, '2024-05-08', 1, 0, 0, 0, 0, 1),
(5701, 34, '2024-05-09', 1, 0, 1, 0, 1, 1),
(5702, 34, '2024-05-10', 1, 1, 1, 0, 1, 0),
(5703, 34, '2024-05-13', 1, 1, 1, 1, 0, 1),
(5704, 34, '2024-05-14', 0, 0, 0, 0, 0, 1),
(5705, 34, '2024-05-15', 0, 1, 1, 0, 0, 1),
(5706, 34, '2024-05-16', 0, 0, 1, 1, 1, 1),
(5707, 34, '2024-05-17', 0, 1, 1, 1, 0, 0),
(5708, 34, '2024-05-20', 0, 0, 1, 1, 1, 1),
(5709, 34, '2024-05-21', 1, 1, 1, 0, 1, 0),
(5710, 34, '2024-05-22', 1, 1, 1, 1, 1, 0),
(5711, 34, '2024-05-23', 1, 0, 0, 1, 1, 1),
(5712, 34, '2024-05-24', 0, 0, 1, 1, 1, 1),
(5713, 34, '2024-05-27', 1, 1, 0, 1, 1, 1),
(5714, 34, '2024-05-28', 1, 1, 1, 1, 1, 1),
(5715, 34, '2024-05-29', 1, 1, 1, 0, 1, 1),
(5716, 34, '2024-05-30', 0, 1, 0, 0, 0, 1),
(5717, 34, '2024-05-31', 1, 1, 1, 0, 0, 1),
(5718, 34, '2024-06-03', 1, 1, 1, 0, 1, 1),
(5719, 34, '2024-06-04', 1, 1, 1, 1, 1, 1),
(5720, 34, '2024-06-05', 1, 1, 1, 1, 0, 0),
(5721, 34, '2024-06-06', 0, 1, 1, 0, 1, 1),
(5722, 34, '2024-06-07', 1, 1, 1, 1, 0, 0),
(5723, 35, '2024-04-09', 1, 1, 1, 0, 1, 1),
(5724, 35, '2024-04-10', 1, 1, 1, 1, 0, 1),
(5725, 35, '2024-04-11', 0, 0, 0, 1, 0, 0),
(5726, 35, '2024-04-12', 1, 1, 1, 1, 0, 0),
(5727, 35, '2024-04-15', 0, 1, 1, 1, 0, 1),
(5728, 35, '2024-04-16', 1, 1, 1, 1, 1, 1),
(5729, 35, '2024-04-17', 0, 0, 1, 1, 1, 0),
(5730, 35, '2024-04-18', 1, 0, 1, 0, 1, 0),
(5731, 35, '2024-04-19', 1, 0, 0, 0, 0, 1),
(5732, 35, '2024-04-22', 0, 0, 1, 0, 0, 0),
(5733, 35, '2024-04-23', 1, 0, 1, 0, 1, 1),
(5734, 35, '2024-04-24', 0, 1, 0, 0, 1, 1),
(5735, 35, '2024-04-25', 1, 1, 1, 1, 1, 0),
(5736, 35, '2024-04-26', 1, 1, 0, 0, 1, 1),
(5737, 35, '2024-04-29', 0, 0, 0, 1, 0, 0),
(5738, 35, '2024-04-30', 1, 1, 1, 1, 0, 0),
(5739, 35, '2024-05-01', 0, 1, 1, 1, 1, 1),
(5740, 35, '2024-05-02', 0, 1, 0, 0, 0, 0),
(5741, 35, '2024-05-03', 0, 0, 1, 0, 0, 0),
(5742, 35, '2024-05-06', 1, 1, 1, 1, 0, 1),
(5743, 35, '2024-05-07', 1, 0, 1, 0, 1, 1),
(5744, 35, '2024-05-08', 1, 1, 1, 1, 1, 1),
(5745, 35, '2024-05-09', 0, 1, 0, 0, 0, 0),
(5746, 35, '2024-05-10', 1, 0, 0, 1, 0, 1),
(5747, 35, '2024-05-13', 1, 1, 1, 1, 1, 1),
(5748, 35, '2024-05-14', 0, 0, 1, 1, 0, 1),
(5749, 35, '2024-05-15', 0, 0, 0, 0, 1, 1),
(5750, 35, '2024-05-16', 0, 0, 1, 0, 1, 1),
(5751, 35, '2024-05-17', 1, 1, 1, 1, 0, 1),
(5752, 35, '2024-05-20', 1, 1, 1, 0, 0, 1),
(5753, 35, '2024-05-21', 0, 0, 0, 0, 1, 1),
(5754, 35, '2024-05-22', 1, 1, 1, 1, 1, 1),
(5755, 35, '2024-05-23', 1, 0, 1, 1, 0, 0),
(5756, 35, '2024-05-24', 1, 1, 1, 1, 0, 1),
(5757, 35, '2024-05-27', 1, 0, 1, 0, 1, 0),
(5758, 35, '2024-05-28', 1, 1, 1, 1, 1, 1),
(5759, 35, '2024-05-29', 1, 0, 1, 1, 0, 1),
(5760, 35, '2024-05-30', 0, 1, 1, 1, 1, 0),
(5761, 35, '2024-05-31', 1, 1, 1, 1, 1, 1),
(5762, 35, '2024-06-03', 1, 0, 0, 0, 0, 0),
(5763, 35, '2024-06-04', 1, 1, 1, 0, 1, 0),
(5764, 35, '2024-06-05', 1, 0, 1, 1, 0, 0),
(5765, 35, '2024-06-06', 1, 1, 0, 1, 0, 0),
(5766, 35, '2024-06-07', 1, 0, 0, 0, 0, 0),
(5767, 36, '2024-04-09', 0, 1, 0, 0, 1, 1),
(5768, 36, '2024-04-10', 0, 0, 1, 1, 1, 1),
(5769, 36, '2024-04-11', 1, 1, 1, 0, 0, 0),
(5770, 36, '2024-04-12', 1, 1, 0, 0, 0, 0),
(5771, 36, '2024-04-15', 1, 0, 0, 1, 0, 1),
(5772, 36, '2024-04-16', 1, 0, 1, 1, 0, 1),
(5773, 36, '2024-04-17', 1, 1, 1, 1, 0, 0),
(5774, 36, '2024-04-18', 0, 1, 0, 0, 1, 1),
(5775, 36, '2024-04-19', 1, 1, 1, 1, 0, 1),
(5776, 36, '2024-04-22', 1, 1, 0, 1, 0, 1),
(5777, 36, '2024-04-23', 1, 1, 1, 1, 1, 1),
(5778, 36, '2024-04-24', 1, 1, 1, 0, 1, 0),
(5779, 36, '2024-04-25', 0, 1, 1, 0, 0, 1),
(5780, 36, '2024-04-26', 0, 1, 0, 1, 0, 1),
(5781, 36, '2024-04-29', 0, 1, 1, 1, 1, 0),
(5782, 36, '2024-04-30', 0, 0, 1, 1, 0, 1),
(5783, 36, '2024-05-01', 1, 1, 0, 1, 1, 0),
(5784, 36, '2024-05-02', 0, 1, 1, 0, 1, 0),
(5785, 36, '2024-05-03', 1, 1, 0, 1, 1, 1),
(5786, 36, '2024-05-06', 1, 0, 0, 1, 1, 1),
(5787, 36, '2024-05-07', 1, 0, 0, 0, 0, 1),
(5788, 36, '2024-05-08', 1, 1, 0, 1, 1, 1),
(5789, 36, '2024-05-09', 1, 1, 1, 1, 1, 0),
(5790, 36, '2024-05-10', 0, 0, 1, 1, 0, 0),
(5791, 36, '2024-05-13', 1, 0, 0, 1, 1, 1),
(5792, 36, '2024-05-14', 0, 0, 1, 1, 0, 0),
(5793, 36, '2024-05-15', 1, 0, 0, 1, 1, 0),
(5794, 36, '2024-05-16', 1, 1, 0, 1, 1, 0),
(5795, 36, '2024-05-17', 1, 0, 0, 1, 0, 1),
(5796, 36, '2024-05-20', 1, 1, 0, 0, 1, 0),
(5797, 36, '2024-05-21', 0, 1, 1, 0, 1, 1),
(5798, 36, '2024-05-22', 1, 1, 0, 1, 0, 1),
(5799, 36, '2024-05-23', 1, 1, 0, 1, 1, 1),
(5800, 36, '2024-05-24', 0, 1, 1, 1, 0, 0),
(5801, 36, '2024-05-27', 1, 1, 0, 1, 0, 1),
(5802, 36, '2024-05-28', 0, 1, 0, 1, 1, 1),
(5803, 36, '2024-05-29', 1, 1, 1, 1, 1, 1),
(5804, 36, '2024-05-30', 1, 0, 1, 1, 1, 0),
(5805, 36, '2024-05-31', 1, 1, 1, 1, 0, 0),
(5806, 36, '2024-06-03', 1, 0, 1, 1, 1, 0),
(5807, 36, '2024-06-04', 1, 1, 1, 1, 0, 1),
(5808, 36, '2024-06-05', 1, 1, 1, 0, 1, 1),
(5809, 36, '2024-06-06', 1, 0, 0, 1, 0, 0),
(5810, 36, '2024-06-07', 1, 1, 0, 1, 0, 1),
(5811, 37, '2024-04-09', 1, 0, 1, 1, 0, 1),
(5812, 37, '2024-04-10', 0, 0, 0, 1, 1, 1),
(5813, 37, '2024-04-11', 1, 0, 0, 1, 0, 1),
(5814, 37, '2024-04-12', 0, 1, 1, 1, 1, 0),
(5815, 37, '2024-04-15', 1, 1, 1, 1, 0, 1),
(5816, 37, '2024-04-16', 1, 1, 0, 1, 1, 1),
(5817, 37, '2024-04-17', 0, 0, 0, 1, 0, 1),
(5818, 37, '2024-04-18', 1, 1, 1, 1, 1, 0),
(5819, 37, '2024-04-19', 1, 0, 0, 1, 1, 0),
(5820, 37, '2024-04-22', 1, 1, 1, 0, 1, 0),
(5821, 37, '2024-04-23', 1, 1, 1, 1, 1, 1),
(5822, 37, '2024-04-24', 1, 0, 0, 1, 1, 1),
(5823, 37, '2024-04-25', 1, 1, 1, 1, 1, 1),
(5824, 37, '2024-04-26', 1, 1, 1, 1, 0, 1),
(5825, 37, '2024-04-29', 1, 1, 1, 0, 0, 0),
(5826, 37, '2024-04-30', 0, 1, 1, 1, 0, 1),
(5827, 37, '2024-05-01', 1, 1, 1, 1, 1, 1),
(5828, 37, '2024-05-02', 1, 1, 0, 1, 0, 1),
(5829, 37, '2024-05-03', 1, 1, 0, 1, 1, 1),
(5830, 37, '2024-05-06', 1, 1, 0, 0, 1, 1),
(5831, 37, '2024-05-07', 0, 1, 1, 0, 0, 0),
(5832, 37, '2024-05-08', 1, 0, 1, 1, 1, 1),
(5833, 37, '2024-05-09', 0, 1, 0, 0, 1, 1),
(5834, 37, '2024-05-10', 1, 1, 1, 1, 0, 1),
(5835, 37, '2024-05-13', 1, 1, 1, 1, 0, 1),
(5836, 37, '2024-05-14', 1, 0, 1, 0, 1, 0),
(5837, 37, '2024-05-15', 1, 1, 0, 0, 1, 0),
(5838, 37, '2024-05-16', 1, 1, 0, 1, 0, 0),
(5839, 37, '2024-05-17', 0, 1, 1, 0, 0, 0),
(5840, 37, '2024-05-20', 0, 1, 1, 1, 1, 0),
(5841, 37, '2024-05-21', 0, 1, 1, 0, 1, 1),
(5842, 37, '2024-05-22', 1, 1, 0, 1, 1, 1),
(5843, 37, '2024-05-23', 1, 1, 0, 0, 1, 0),
(5844, 37, '2024-05-24', 1, 0, 1, 1, 1, 1),
(5845, 37, '2024-05-27', 1, 1, 1, 1, 0, 1),
(5846, 37, '2024-05-28', 0, 1, 1, 0, 1, 0),
(5847, 37, '2024-05-29', 0, 0, 0, 0, 0, 1),
(5848, 37, '2024-05-30', 1, 1, 1, 1, 1, 0),
(5849, 37, '2024-05-31', 1, 1, 1, 1, 1, 0),
(5850, 37, '2024-06-03', 0, 1, 1, 0, 0, 0),
(5851, 37, '2024-06-04', 1, 0, 1, 1, 0, 0),
(5852, 37, '2024-06-05', 0, 0, 1, 1, 1, 1),
(5853, 37, '2024-06-06', 0, 0, 1, 0, 0, 0),
(5854, 37, '2024-06-07', 0, 1, 1, 1, 1, 1),
(5855, 38, '2024-04-09', 1, 0, 1, 0, 0, 0),
(5856, 38, '2024-04-10', 0, 1, 1, 0, 1, 1),
(5857, 38, '2024-04-11', 1, 1, 0, 1, 1, 0),
(5858, 38, '2024-04-12', 0, 0, 0, 1, 1, 0),
(5859, 38, '2024-04-15', 0, 1, 1, 1, 0, 0),
(5860, 38, '2024-04-16', 1, 1, 1, 0, 0, 1),
(5861, 38, '2024-04-17', 1, 1, 0, 0, 1, 1),
(5862, 38, '2024-04-18', 1, 1, 0, 1, 1, 0),
(5863, 38, '2024-04-19', 1, 1, 0, 1, 1, 0),
(5864, 38, '2024-04-22', 0, 1, 0, 1, 1, 0),
(5865, 38, '2024-04-23', 0, 0, 1, 1, 1, 0),
(5866, 38, '2024-04-24', 1, 1, 0, 0, 1, 0),
(5867, 38, '2024-04-25', 0, 1, 1, 0, 0, 1),
(5868, 38, '2024-04-26', 1, 0, 1, 0, 0, 1),
(5869, 38, '2024-04-29', 0, 0, 0, 1, 0, 1),
(5870, 38, '2024-04-30', 1, 1, 1, 0, 0, 1),
(5871, 38, '2024-05-01', 0, 1, 1, 1, 0, 1),
(5872, 38, '2024-05-02', 1, 0, 1, 1, 1, 0),
(5873, 38, '2024-05-03', 1, 0, 0, 0, 1, 0),
(5874, 38, '2024-05-06', 1, 0, 1, 1, 1, 0),
(5875, 38, '2024-05-07', 0, 1, 1, 0, 1, 1),
(5876, 38, '2024-05-08', 1, 1, 1, 1, 0, 1),
(5877, 38, '2024-05-09', 1, 0, 0, 0, 0, 0),
(5878, 38, '2024-05-10', 0, 1, 1, 0, 1, 0),
(5879, 38, '2024-05-13', 0, 1, 0, 1, 1, 0),
(5880, 38, '2024-05-14', 0, 1, 1, 0, 1, 0),
(5881, 38, '2024-05-15', 1, 1, 1, 1, 1, 1),
(5882, 38, '2024-05-16', 1, 0, 1, 1, 0, 1),
(5883, 38, '2024-05-17', 1, 0, 1, 1, 1, 1),
(5884, 38, '2024-05-20', 1, 1, 1, 1, 0, 1),
(5885, 38, '2024-05-21', 1, 1, 1, 0, 0, 0),
(5886, 38, '2024-05-22', 1, 1, 0, 1, 1, 0),
(5887, 38, '2024-05-23', 1, 0, 0, 0, 1, 1),
(5888, 38, '2024-05-24', 0, 1, 0, 1, 1, 1),
(5889, 38, '2024-05-27', 0, 1, 1, 1, 0, 1),
(5890, 38, '2024-05-28', 0, 1, 1, 1, 0, 1),
(5891, 38, '2024-05-29', 1, 0, 0, 0, 1, 0),
(5892, 38, '2024-05-30', 1, 1, 0, 1, 0, 1),
(5893, 38, '2024-05-31', 0, 1, 0, 1, 1, 1),
(5894, 38, '2024-06-03', 1, 1, 1, 1, 1, 1),
(5895, 38, '2024-06-04', 1, 0, 1, 0, 0, 1),
(5896, 38, '2024-06-05', 1, 1, 0, 1, 0, 0),
(5897, 38, '2024-06-06', 0, 0, 0, 1, 1, 1),
(5898, 38, '2024-06-07', 0, 0, 1, 0, 0, 0),
(5899, 39, '2024-04-09', 0, 1, 1, 1, 1, 1),
(5900, 39, '2024-04-10', 0, 0, 1, 1, 1, 1),
(5901, 39, '2024-04-11', 0, 1, 1, 1, 0, 1),
(5902, 39, '2024-04-12', 1, 1, 1, 1, 1, 0),
(5903, 39, '2024-04-15', 0, 1, 1, 0, 1, 0),
(5904, 39, '2024-04-16', 1, 1, 1, 1, 1, 1),
(5905, 39, '2024-04-17', 1, 1, 0, 1, 1, 1),
(5906, 39, '2024-04-18', 1, 0, 1, 1, 0, 1),
(5907, 39, '2024-04-19', 1, 1, 0, 0, 0, 1),
(5908, 39, '2024-04-22', 0, 0, 1, 1, 1, 1),
(5909, 39, '2024-04-23', 1, 1, 1, 1, 1, 1),
(5910, 39, '2024-04-24', 0, 1, 1, 1, 0, 1),
(5911, 39, '2024-04-25', 1, 0, 1, 1, 0, 0),
(5912, 39, '2024-04-26', 1, 1, 1, 0, 1, 0),
(5913, 39, '2024-04-29', 0, 1, 0, 1, 1, 1),
(5914, 39, '2024-04-30', 1, 1, 0, 0, 0, 0),
(5915, 39, '2024-05-01', 0, 1, 0, 1, 0, 1),
(5916, 39, '2024-05-02', 1, 1, 0, 1, 1, 0),
(5917, 39, '2024-05-03', 0, 1, 1, 1, 1, 1),
(5918, 39, '2024-05-06', 0, 1, 1, 0, 1, 0),
(5919, 39, '2024-05-07', 1, 0, 1, 0, 1, 1),
(5920, 39, '2024-05-08', 0, 1, 1, 1, 0, 1),
(5921, 39, '2024-05-09', 1, 1, 1, 0, 1, 0),
(5922, 39, '2024-05-10', 1, 0, 1, 1, 0, 0),
(5923, 39, '2024-05-13', 1, 0, 0, 1, 1, 1),
(5924, 39, '2024-05-14', 1, 1, 1, 1, 1, 1),
(5925, 39, '2024-05-15', 1, 1, 0, 1, 0, 0),
(5926, 39, '2024-05-16', 1, 1, 1, 1, 0, 1),
(5927, 39, '2024-05-17', 0, 1, 1, 1, 0, 0),
(5928, 39, '2024-05-20', 0, 1, 1, 1, 1, 1),
(5929, 39, '2024-05-21', 0, 1, 0, 0, 1, 1),
(5930, 39, '2024-05-22', 1, 1, 1, 1, 0, 1),
(5931, 39, '2024-05-23', 0, 0, 0, 0, 0, 0),
(5932, 39, '2024-05-24', 1, 0, 1, 0, 0, 1),
(5933, 39, '2024-05-27', 1, 1, 1, 1, 1, 1),
(5934, 39, '2024-05-28', 1, 1, 1, 1, 1, 0),
(5935, 39, '2024-05-29', 1, 1, 1, 0, 1, 1),
(5936, 39, '2024-05-30', 1, 1, 1, 0, 0, 1),
(5937, 39, '2024-05-31', 1, 0, 0, 0, 0, 1),
(5938, 39, '2024-06-03', 1, 1, 1, 1, 1, 0),
(5939, 39, '2024-06-04', 1, 0, 1, 1, 1, 1),
(5940, 39, '2024-06-05', 1, 0, 1, 1, 1, 1),
(5941, 39, '2024-06-06', 1, 1, 1, 1, 0, 1),
(5942, 39, '2024-06-07', 0, 0, 0, 1, 0, 0),
(5943, 40, '2024-04-09', 1, 0, 0, 1, 0, 1),
(5944, 40, '2024-04-10', 1, 0, 1, 1, 1, 0),
(5945, 40, '2024-04-11', 1, 1, 0, 1, 0, 1),
(5946, 40, '2024-04-12', 0, 0, 1, 0, 1, 1),
(5947, 40, '2024-04-15', 1, 1, 0, 1, 1, 0),
(5948, 40, '2024-04-16', 1, 0, 0, 1, 1, 1),
(5949, 40, '2024-04-17', 1, 0, 1, 1, 1, 1),
(5950, 40, '2024-04-18', 0, 1, 1, 1, 1, 0),
(5951, 40, '2024-04-19', 1, 1, 1, 1, 1, 1),
(5952, 40, '2024-04-22', 1, 1, 1, 1, 0, 1),
(5953, 40, '2024-04-23', 1, 1, 1, 1, 0, 1),
(5954, 40, '2024-04-24', 0, 0, 1, 0, 0, 1),
(5955, 40, '2024-04-25', 1, 1, 0, 1, 1, 1),
(5956, 40, '2024-04-26', 1, 1, 0, 1, 0, 0),
(5957, 40, '2024-04-29', 0, 1, 0, 0, 0, 1),
(5958, 40, '2024-04-30', 0, 0, 1, 1, 1, 0),
(5959, 40, '2024-05-01', 1, 1, 0, 1, 1, 1),
(5960, 40, '2024-05-02', 1, 0, 1, 1, 1, 1),
(5961, 40, '2024-05-03', 0, 1, 1, 1, 0, 1),
(5962, 40, '2024-05-06', 1, 1, 0, 1, 1, 1),
(5963, 40, '2024-05-07', 1, 1, 1, 1, 1, 1),
(5964, 40, '2024-05-08', 1, 1, 0, 1, 0, 0),
(5965, 40, '2024-05-09', 0, 1, 1, 0, 0, 0),
(5966, 40, '2024-05-10', 0, 1, 1, 0, 0, 1),
(5967, 40, '2024-05-13', 1, 0, 1, 1, 1, 1),
(5968, 40, '2024-05-14', 1, 1, 0, 0, 1, 0),
(5969, 40, '2024-05-15', 1, 0, 0, 0, 0, 1),
(5970, 40, '2024-05-16', 1, 0, 0, 0, 0, 0),
(5971, 40, '2024-05-17', 0, 0, 0, 1, 0, 1),
(5972, 40, '2024-05-20', 1, 1, 1, 1, 1, 1),
(5973, 40, '2024-05-21', 0, 0, 1, 1, 0, 1),
(5974, 40, '2024-05-22', 0, 1, 1, 0, 1, 1),
(5975, 40, '2024-05-23', 0, 0, 0, 1, 1, 0),
(5976, 40, '2024-05-24', 1, 1, 0, 1, 1, 1),
(5977, 40, '2024-05-27', 1, 0, 1, 1, 1, 1),
(5978, 40, '2024-05-28', 1, 1, 1, 1, 0, 0),
(5979, 40, '2024-05-29', 1, 1, 1, 1, 0, 1),
(5980, 40, '2024-05-30', 1, 1, 1, 0, 1, 1),
(5981, 40, '2024-05-31', 1, 0, 1, 1, 1, 0),
(5982, 40, '2024-06-03', 0, 1, 1, 1, 1, 1),
(5983, 40, '2024-06-04', 1, 0, 0, 1, 0, 0),
(5984, 40, '2024-06-05', 0, 1, 0, 1, 1, 1),
(5985, 40, '2024-06-06', 1, 1, 1, 1, 1, 1),
(5986, 40, '2024-06-07', 0, 1, 1, 1, 1, 1),
(5987, 41, '2024-04-09', 1, 0, 0, 1, 1, 0),
(5988, 41, '2024-04-10', 1, 1, 1, 1, 0, 1),
(5989, 41, '2024-04-11', 1, 0, 0, 1, 0, 0),
(5990, 41, '2024-04-12', 1, 0, 1, 1, 0, 1),
(5991, 41, '2024-04-15', 1, 1, 1, 1, 1, 1),
(5992, 41, '2024-04-16', 0, 0, 0, 0, 1, 1),
(5993, 41, '2024-04-17', 1, 1, 1, 1, 1, 1),
(5994, 41, '2024-04-18', 0, 0, 1, 0, 1, 1),
(5995, 41, '2024-04-19', 1, 1, 1, 1, 1, 1),
(5996, 41, '2024-04-22', 1, 1, 1, 1, 1, 1),
(5997, 41, '2024-04-23', 0, 1, 0, 0, 1, 0),
(5998, 41, '2024-04-24', 1, 1, 0, 1, 0, 1),
(5999, 41, '2024-04-25', 1, 1, 1, 0, 1, 0),
(6000, 41, '2024-04-26', 0, 1, 1, 1, 1, 0),
(6001, 41, '2024-04-29', 1, 1, 1, 0, 1, 1),
(6002, 41, '2024-04-30', 1, 1, 0, 1, 0, 1),
(6003, 41, '2024-05-01', 0, 1, 0, 1, 1, 0),
(6004, 41, '2024-05-02', 1, 1, 1, 0, 1, 0),
(6005, 41, '2024-05-03', 0, 1, 0, 1, 1, 1),
(6006, 41, '2024-05-06', 0, 0, 1, 1, 0, 0),
(6007, 41, '2024-05-07', 0, 0, 0, 1, 0, 0),
(6008, 41, '2024-05-08', 0, 0, 0, 1, 0, 1),
(6009, 41, '2024-05-09', 1, 1, 1, 0, 0, 1),
(6010, 41, '2024-05-10', 1, 0, 1, 1, 1, 0),
(6011, 41, '2024-05-13', 1, 1, 1, 0, 1, 1),
(6012, 41, '2024-05-14', 1, 1, 0, 0, 1, 1),
(6013, 41, '2024-05-15', 0, 1, 1, 0, 1, 0),
(6014, 41, '2024-05-16', 1, 1, 1, 1, 1, 1),
(6015, 41, '2024-05-17', 1, 1, 1, 1, 1, 1),
(6016, 41, '2024-05-20', 1, 1, 1, 0, 0, 0),
(6017, 41, '2024-05-21', 1, 1, 1, 1, 0, 0),
(6018, 41, '2024-05-22', 1, 1, 1, 1, 1, 1),
(6019, 41, '2024-05-23', 1, 1, 1, 1, 1, 0),
(6020, 41, '2024-05-24', 0, 1, 1, 1, 1, 0),
(6021, 41, '2024-05-27', 1, 1, 1, 1, 1, 0),
(6022, 41, '2024-05-28', 0, 1, 1, 0, 1, 0),
(6023, 41, '2024-05-29', 1, 1, 0, 1, 0, 0),
(6024, 41, '2024-05-30', 0, 0, 0, 1, 0, 1),
(6025, 41, '2024-05-31', 1, 0, 0, 1, 1, 0),
(6026, 41, '2024-06-03', 1, 0, 1, 0, 0, 0),
(6027, 41, '2024-06-04', 0, 1, 0, 1, 0, 1),
(6028, 41, '2024-06-05', 0, 1, 0, 0, 0, 0),
(6029, 41, '2024-06-06', 0, 0, 0, 1, 1, 1),
(6030, 41, '2024-06-07', 1, 0, 0, 1, 1, 1),
(6031, 42, '2024-04-09', 0, 0, 1, 1, 0, 0),
(6032, 42, '2024-04-10', 1, 1, 1, 0, 1, 1),
(6033, 42, '2024-04-11', 0, 1, 0, 1, 1, 0),
(6034, 42, '2024-04-12', 0, 1, 0, 1, 1, 0),
(6035, 42, '2024-04-15', 1, 1, 1, 0, 1, 1),
(6036, 42, '2024-04-16', 1, 0, 1, 1, 1, 0),
(6037, 42, '2024-04-17', 1, 1, 1, 1, 1, 1),
(6038, 42, '2024-04-18', 1, 0, 1, 1, 0, 1),
(6039, 42, '2024-04-19', 1, 1, 0, 0, 0, 1),
(6040, 42, '2024-04-22', 0, 1, 0, 1, 1, 0),
(6041, 42, '2024-04-23', 1, 1, 1, 1, 0, 1),
(6042, 42, '2024-04-24', 1, 1, 1, 1, 1, 1),
(6043, 42, '2024-04-25', 1, 1, 1, 1, 0, 0),
(6044, 42, '2024-04-26', 0, 1, 0, 1, 1, 0),
(6045, 42, '2024-04-29', 0, 1, 1, 0, 1, 0),
(6046, 42, '2024-04-30', 1, 0, 1, 1, 1, 1),
(6047, 42, '2024-05-01', 1, 0, 1, 0, 0, 1),
(6048, 42, '2024-05-02', 1, 1, 1, 1, 0, 0),
(6049, 42, '2024-05-03', 0, 1, 0, 1, 0, 1),
(6050, 42, '2024-05-06', 0, 0, 1, 1, 1, 0),
(6051, 42, '2024-05-07', 1, 0, 1, 1, 1, 0),
(6052, 42, '2024-05-08', 0, 1, 1, 1, 1, 0),
(6053, 42, '2024-05-09', 0, 0, 1, 1, 0, 0),
(6054, 42, '2024-05-10', 1, 1, 0, 0, 0, 1),
(6055, 42, '2024-05-13', 1, 1, 0, 0, 1, 1),
(6056, 42, '2024-05-14', 0, 1, 1, 0, 0, 1),
(6057, 42, '2024-05-15', 1, 1, 1, 1, 1, 0),
(6058, 42, '2024-05-16', 1, 1, 0, 1, 1, 1),
(6059, 42, '2024-05-17', 1, 0, 1, 0, 0, 1),
(6060, 42, '2024-05-20', 0, 0, 1, 1, 1, 1),
(6061, 42, '2024-05-21', 1, 0, 1, 1, 1, 1),
(6062, 42, '2024-05-22', 0, 1, 0, 1, 1, 0),
(6063, 42, '2024-05-23', 1, 1, 1, 0, 1, 1),
(6064, 42, '2024-05-24', 0, 1, 0, 1, 0, 0),
(6065, 42, '2024-05-27', 0, 1, 0, 0, 1, 1),
(6066, 42, '2024-05-28', 1, 0, 1, 0, 1, 0),
(6067, 42, '2024-05-29', 1, 0, 1, 1, 1, 1),
(6068, 42, '2024-05-30', 0, 1, 1, 0, 1, 1),
(6069, 42, '2024-05-31', 1, 0, 1, 1, 0, 1),
(6070, 42, '2024-06-03', 1, 1, 0, 1, 1, 1),
(6071, 42, '2024-06-04', 0, 0, 0, 0, 0, 1),
(6072, 42, '2024-06-05', 0, 1, 1, 0, 1, 1),
(6073, 42, '2024-06-06', 0, 0, 0, 1, 1, 1),
(6074, 42, '2024-06-07', 1, 0, 0, 1, 1, 1),
(6075, 43, '2024-04-09', 0, 0, 0, 0, 1, 1),
(6076, 43, '2024-04-10', 1, 1, 0, 0, 1, 0),
(6077, 43, '2024-04-11', 1, 0, 0, 1, 1, 0),
(6078, 43, '2024-04-12', 0, 0, 0, 1, 0, 1),
(6079, 43, '2024-04-15', 1, 1, 0, 1, 0, 1),
(6080, 43, '2024-04-16', 1, 0, 0, 0, 1, 1),
(6081, 43, '2024-04-17', 1, 1, 0, 0, 0, 1),
(6082, 43, '2024-04-18', 0, 0, 0, 1, 1, 1),
(6083, 43, '2024-04-19', 1, 0, 0, 0, 1, 0),
(6084, 43, '2024-04-22', 1, 1, 0, 0, 1, 0),
(6085, 43, '2024-04-23', 0, 0, 0, 1, 1, 1),
(6086, 43, '2024-04-24', 1, 0, 1, 1, 1, 1),
(6087, 43, '2024-04-25', 1, 1, 1, 0, 1, 1),
(6088, 43, '2024-04-26', 1, 1, 1, 1, 1, 0),
(6089, 43, '2024-04-29', 1, 1, 0, 1, 1, 1),
(6090, 43, '2024-04-30', 0, 0, 0, 0, 0, 0),
(6091, 43, '2024-05-01', 1, 1, 0, 1, 1, 1),
(6092, 43, '2024-05-02', 1, 1, 1, 0, 0, 1),
(6093, 43, '2024-05-03', 0, 0, 1, 1, 1, 1),
(6094, 43, '2024-05-06', 0, 1, 0, 1, 0, 0),
(6095, 43, '2024-05-07', 0, 1, 0, 1, 1, 0),
(6096, 43, '2024-05-08', 1, 1, 1, 0, 0, 0),
(6097, 43, '2024-05-09', 1, 1, 1, 1, 0, 0),
(6098, 43, '2024-05-10', 0, 1, 1, 1, 1, 1),
(6099, 43, '2024-05-13', 1, 1, 1, 0, 1, 1),
(6100, 43, '2024-05-14', 0, 1, 0, 1, 1, 0),
(6101, 43, '2024-05-15', 0, 1, 1, 1, 1, 1),
(6102, 43, '2024-05-16', 0, 1, 1, 1, 1, 1),
(6103, 43, '2024-05-17', 1, 1, 1, 1, 0, 1),
(6104, 43, '2024-05-20', 0, 1, 1, 0, 1, 1),
(6105, 43, '2024-05-21', 0, 1, 1, 1, 1, 1),
(6106, 43, '2024-05-22', 1, 0, 0, 1, 1, 1),
(6107, 43, '2024-05-23', 0, 1, 0, 0, 0, 1),
(6108, 43, '2024-05-24', 1, 0, 1, 1, 1, 1),
(6109, 43, '2024-05-27', 0, 1, 1, 1, 1, 1),
(6110, 43, '2024-05-28', 0, 1, 1, 1, 0, 1),
(6111, 43, '2024-05-29', 0, 0, 1, 1, 1, 1),
(6112, 43, '2024-05-30', 1, 1, 1, 1, 1, 1),
(6113, 43, '2024-05-31', 0, 1, 0, 1, 1, 1),
(6114, 43, '2024-06-03', 1, 1, 1, 1, 1, 1),
(6115, 43, '2024-06-04', 1, 1, 0, 1, 1, 1),
(6116, 43, '2024-06-05', 1, 1, 1, 1, 1, 1),
(6117, 43, '2024-06-06', 0, 1, 0, 0, 1, 0),
(6118, 43, '2024-06-07', 1, 0, 1, 1, 0, 1),
(6119, 44, '2024-04-09', 1, 1, 1, 1, 1, 1),
(6120, 44, '2024-04-10', 1, 1, 0, 1, 1, 1),
(6121, 44, '2024-04-11', 1, 0, 0, 0, 1, 1),
(6122, 44, '2024-04-12', 1, 0, 0, 1, 1, 1),
(6123, 44, '2024-04-15', 1, 1, 1, 0, 1, 0),
(6124, 44, '2024-04-16', 1, 1, 1, 1, 0, 1),
(6125, 44, '2024-04-17', 0, 1, 1, 1, 0, 0),
(6126, 44, '2024-04-18', 1, 1, 0, 0, 1, 1),
(6127, 44, '2024-04-19', 1, 0, 1, 0, 0, 0),
(6128, 44, '2024-04-22', 0, 0, 0, 0, 0, 1),
(6129, 44, '2024-04-23', 1, 0, 1, 1, 1, 0),
(6130, 44, '2024-04-24', 0, 1, 1, 1, 1, 1),
(6131, 44, '2024-04-25', 1, 0, 0, 1, 1, 0),
(6132, 44, '2024-04-26', 1, 0, 1, 0, 1, 0),
(6133, 44, '2024-04-29', 0, 1, 1, 1, 0, 1),
(6134, 44, '2024-04-30', 1, 1, 1, 0, 1, 0),
(6135, 44, '2024-05-01', 0, 1, 0, 1, 1, 1),
(6136, 44, '2024-05-02', 0, 0, 1, 1, 0, 1),
(6137, 44, '2024-05-03', 0, 0, 1, 0, 1, 0),
(6138, 44, '2024-05-06', 1, 1, 0, 0, 1, 1),
(6139, 44, '2024-05-07', 1, 0, 1, 0, 0, 0),
(6140, 44, '2024-05-08', 1, 1, 0, 0, 1, 1),
(6141, 44, '2024-05-09', 1, 0, 0, 1, 0, 0),
(6142, 44, '2024-05-10', 1, 1, 1, 1, 1, 1),
(6143, 44, '2024-05-13', 0, 0, 1, 1, 1, 0),
(6144, 44, '2024-05-14', 1, 1, 0, 1, 1, 1),
(6145, 44, '2024-05-15', 0, 0, 0, 1, 1, 0),
(6146, 44, '2024-05-16', 0, 1, 1, 0, 1, 1),
(6147, 44, '2024-05-17', 1, 1, 0, 0, 1, 1),
(6148, 44, '2024-05-20', 1, 1, 0, 1, 0, 0),
(6149, 44, '2024-05-21', 1, 1, 0, 1, 0, 0),
(6150, 44, '2024-05-22', 1, 1, 1, 0, 1, 0),
(6151, 44, '2024-05-23', 1, 1, 1, 0, 1, 0),
(6152, 44, '2024-05-24', 0, 1, 1, 1, 0, 0),
(6153, 44, '2024-05-27', 1, 1, 1, 1, 0, 1),
(6154, 44, '2024-05-28', 1, 1, 1, 0, 1, 1),
(6155, 44, '2024-05-29', 1, 0, 1, 1, 1, 1),
(6156, 44, '2024-05-30', 1, 1, 0, 1, 1, 1),
(6157, 44, '2024-05-31', 1, 0, 1, 1, 1, 0),
(6158, 44, '2024-06-03', 0, 1, 1, 1, 0, 1),
(6159, 44, '2024-06-04', 0, 1, 1, 1, 1, 1),
(6160, 44, '2024-06-05', 1, 1, 1, 1, 0, 1),
(6161, 44, '2024-06-06', 0, 1, 1, 1, 0, 0),
(6162, 44, '2024-06-07', 1, 1, 1, 1, 1, 0),
(6163, 45, '2024-04-09', 0, 1, 1, 1, 1, 0),
(6164, 45, '2024-04-10', 1, 0, 0, 1, 1, 0),
(6165, 45, '2024-04-11', 1, 0, 1, 1, 1, 0),
(6166, 45, '2024-04-12', 0, 1, 0, 0, 0, 1),
(6167, 45, '2024-04-15', 0, 1, 1, 1, 0, 1),
(6168, 45, '2024-04-16', 1, 0, 1, 1, 1, 0),
(6169, 45, '2024-04-17', 1, 0, 1, 0, 1, 1),
(6170, 45, '2024-04-18', 1, 1, 0, 0, 1, 1),
(6171, 45, '2024-04-19', 0, 1, 1, 0, 1, 0),
(6172, 45, '2024-04-22', 1, 1, 1, 0, 1, 1),
(6173, 45, '2024-04-23', 1, 1, 0, 1, 0, 1),
(6174, 45, '2024-04-24', 0, 0, 0, 1, 1, 0),
(6175, 45, '2024-04-25', 1, 1, 0, 0, 1, 1),
(6176, 45, '2024-04-26', 1, 1, 0, 0, 0, 1),
(6177, 45, '2024-04-29', 1, 0, 1, 0, 0, 1),
(6178, 45, '2024-04-30', 1, 1, 0, 1, 0, 1),
(6179, 45, '2024-05-01', 1, 1, 1, 1, 1, 1),
(6180, 45, '2024-05-02', 1, 1, 0, 0, 1, 0),
(6181, 45, '2024-05-03', 1, 1, 1, 1, 1, 1),
(6182, 45, '2024-05-06', 1, 0, 1, 1, 0, 0),
(6183, 45, '2024-05-07', 0, 1, 1, 1, 1, 1),
(6184, 45, '2024-05-08', 0, 1, 0, 0, 1, 1),
(6185, 45, '2024-05-09', 1, 0, 1, 1, 0, 1),
(6186, 45, '2024-05-10', 1, 1, 1, 0, 1, 1),
(6187, 45, '2024-05-13', 1, 1, 0, 1, 1, 1),
(6188, 45, '2024-05-14', 0, 1, 0, 1, 0, 1),
(6189, 45, '2024-05-15', 0, 1, 0, 1, 0, 1),
(6190, 45, '2024-05-16', 1, 1, 1, 0, 1, 1),
(6191, 45, '2024-05-17', 1, 1, 0, 1, 0, 0),
(6192, 45, '2024-05-20', 0, 0, 1, 1, 0, 0),
(6193, 45, '2024-05-21', 1, 0, 1, 0, 1, 1),
(6194, 45, '2024-05-22', 1, 1, 1, 1, 0, 1),
(6195, 45, '2024-05-23', 0, 1, 0, 1, 1, 1),
(6196, 45, '2024-05-24', 0, 1, 1, 1, 0, 1),
(6197, 45, '2024-05-27', 0, 1, 1, 1, 0, 1),
(6198, 45, '2024-05-28', 1, 0, 1, 1, 1, 0),
(6199, 45, '2024-05-29', 1, 0, 1, 0, 1, 0),
(6200, 45, '2024-05-30', 1, 0, 0, 1, 1, 1),
(6201, 45, '2024-05-31', 1, 1, 1, 0, 1, 1),
(6202, 45, '2024-06-03', 0, 1, 1, 0, 0, 0),
(6203, 45, '2024-06-04', 1, 0, 0, 0, 1, 0),
(6204, 45, '2024-06-05', 1, 0, 1, 1, 1, 1),
(6205, 45, '2024-06-06', 1, 1, 0, 1, 1, 1),
(6206, 45, '2024-06-07', 1, 0, 0, 1, 1, 0),
(6207, 46, '2024-04-09', 1, 1, 1, 0, 1, 1),
(6208, 46, '2024-04-10', 1, 0, 0, 1, 1, 1),
(6209, 46, '2024-04-11', 1, 0, 1, 1, 0, 0),
(6210, 46, '2024-04-12', 1, 1, 0, 0, 0, 1),
(6211, 46, '2024-04-15', 1, 1, 1, 0, 1, 0),
(6212, 46, '2024-04-16', 1, 0, 1, 1, 1, 0),
(6213, 46, '2024-04-17', 0, 1, 1, 1, 0, 1),
(6214, 46, '2024-04-18', 0, 1, 0, 1, 1, 1),
(6215, 46, '2024-04-19', 1, 1, 0, 1, 0, 0),
(6216, 46, '2024-04-22', 1, 0, 0, 1, 1, 0),
(6217, 46, '2024-04-23', 0, 1, 0, 1, 1, 1),
(6218, 46, '2024-04-24', 1, 1, 0, 1, 1, 1),
(6219, 46, '2024-04-25', 0, 0, 0, 1, 1, 0),
(6220, 46, '2024-04-26', 0, 1, 0, 0, 0, 1),
(6221, 46, '2024-04-29', 1, 1, 0, 0, 1, 1),
(6222, 46, '2024-04-30', 1, 1, 0, 1, 1, 1),
(6223, 46, '2024-05-01', 0, 1, 0, 0, 1, 1),
(6224, 46, '2024-05-02', 1, 1, 1, 1, 1, 1),
(6225, 46, '2024-05-03', 0, 1, 1, 1, 1, 1),
(6226, 46, '2024-05-06', 0, 1, 1, 1, 0, 1),
(6227, 46, '2024-05-07', 0, 1, 1, 1, 1, 1),
(6228, 46, '2024-05-08', 0, 0, 1, 1, 1, 0),
(6229, 46, '2024-05-09', 1, 0, 1, 1, 1, 0),
(6230, 46, '2024-05-10', 1, 1, 1, 1, 0, 0),
(6231, 46, '2024-05-13', 1, 0, 0, 1, 1, 1),
(6232, 46, '2024-05-14', 1, 1, 1, 0, 1, 0),
(6233, 46, '2024-05-15', 1, 0, 0, 1, 0, 0),
(6234, 46, '2024-05-16', 1, 1, 0, 0, 0, 1),
(6235, 46, '2024-05-17', 1, 1, 1, 0, 1, 1),
(6236, 46, '2024-05-20', 1, 0, 0, 1, 1, 1),
(6237, 46, '2024-05-21', 0, 0, 0, 0, 1, 1),
(6238, 46, '2024-05-22', 1, 1, 1, 1, 1, 1),
(6239, 46, '2024-05-23', 0, 0, 1, 0, 1, 1),
(6240, 46, '2024-05-24', 1, 1, 1, 1, 1, 1),
(6241, 46, '2024-05-27', 1, 0, 1, 0, 1, 0),
(6242, 46, '2024-05-28', 0, 1, 1, 1, 1, 0),
(6243, 46, '2024-05-29', 0, 1, 1, 0, 1, 1),
(6244, 46, '2024-05-30', 0, 1, 1, 1, 1, 1),
(6245, 46, '2024-05-31', 1, 0, 1, 0, 1, 1),
(6246, 46, '2024-06-03', 1, 0, 1, 1, 0, 1),
(6247, 46, '2024-06-04', 1, 0, 1, 0, 0, 0),
(6248, 46, '2024-06-05', 1, 1, 0, 1, 1, 1),
(6249, 46, '2024-06-06', 1, 1, 1, 1, 1, 1),
(6250, 46, '2024-06-07', 0, 0, 1, 0, 1, 1),
(6251, 47, '2024-04-09', 0, 1, 1, 0, 0, 1),
(6252, 47, '2024-04-10', 0, 0, 0, 1, 1, 1),
(6253, 47, '2024-04-11', 0, 1, 1, 0, 1, 1),
(6254, 47, '2024-04-12', 1, 0, 0, 0, 0, 1),
(6255, 47, '2024-04-15', 0, 1, 0, 0, 0, 0),
(6256, 47, '2024-04-16', 1, 1, 0, 0, 1, 1),
(6257, 47, '2024-04-17', 1, 0, 1, 1, 1, 1),
(6258, 47, '2024-04-18', 0, 0, 1, 1, 0, 1),
(6259, 47, '2024-04-19', 1, 1, 1, 1, 1, 0),
(6260, 47, '2024-04-22', 0, 1, 0, 1, 1, 0),
(6261, 47, '2024-04-23', 0, 1, 1, 0, 1, 0),
(6262, 47, '2024-04-24', 0, 0, 1, 1, 1, 0),
(6263, 47, '2024-04-25', 0, 1, 1, 1, 1, 0),
(6264, 47, '2024-04-26', 0, 1, 1, 1, 1, 0),
(6265, 47, '2024-04-29', 0, 1, 1, 1, 1, 1),
(6266, 47, '2024-04-30', 0, 1, 1, 0, 0, 0),
(6267, 47, '2024-05-01', 1, 0, 0, 1, 1, 0),
(6268, 47, '2024-05-02', 1, 1, 0, 0, 0, 1),
(6269, 47, '2024-05-03', 0, 0, 1, 0, 1, 1),
(6270, 47, '2024-05-06', 0, 0, 0, 1, 0, 1),
(6271, 47, '2024-05-07', 1, 1, 1, 0, 1, 0),
(6272, 47, '2024-05-08', 1, 0, 0, 1, 1, 0),
(6273, 47, '2024-05-09', 1, 1, 0, 0, 1, 1),
(6274, 47, '2024-05-10', 0, 0, 0, 0, 0, 1),
(6275, 47, '2024-05-13', 1, 1, 1, 1, 1, 1),
(6276, 47, '2024-05-14', 0, 1, 1, 1, 0, 0),
(6277, 47, '2024-05-15', 1, 1, 0, 1, 1, 1),
(6278, 47, '2024-05-16', 1, 1, 1, 1, 0, 1),
(6279, 47, '2024-05-17', 0, 1, 0, 1, 1, 1),
(6280, 47, '2024-05-20', 1, 1, 1, 0, 0, 1),
(6281, 47, '2024-05-21', 1, 0, 1, 1, 1, 1),
(6282, 47, '2024-05-22', 1, 0, 0, 1, 1, 1),
(6283, 47, '2024-05-23', 0, 0, 1, 1, 1, 0),
(6284, 47, '2024-05-24', 1, 1, 1, 1, 0, 1),
(6285, 47, '2024-05-27', 0, 1, 1, 0, 0, 1),
(6286, 47, '2024-05-28', 1, 1, 1, 1, 1, 1),
(6287, 47, '2024-05-29', 0, 0, 1, 1, 1, 1),
(6288, 47, '2024-05-30', 0, 1, 1, 0, 1, 1),
(6289, 47, '2024-05-31', 1, 1, 1, 1, 0, 1),
(6290, 47, '2024-06-03', 1, 1, 1, 1, 1, 1),
(6291, 47, '2024-06-04', 0, 1, 1, 1, 1, 1),
(6292, 47, '2024-06-05', 1, 0, 1, 0, 1, 0),
(6293, 47, '2024-06-06', 0, 0, 1, 1, 0, 1),
(6294, 47, '2024-06-07', 0, 1, 1, 1, 1, 1),
(6295, 48, '2024-04-09', 0, 1, 1, 1, 1, 1),
(6296, 48, '2024-04-10', 0, 1, 1, 0, 0, 1),
(6297, 48, '2024-04-11', 1, 1, 1, 1, 1, 0),
(6298, 48, '2024-04-12', 1, 1, 1, 0, 1, 1),
(6299, 48, '2024-04-15', 1, 0, 1, 0, 0, 1),
(6300, 48, '2024-04-16', 1, 0, 0, 0, 1, 0),
(6301, 48, '2024-04-17', 0, 1, 0, 1, 1, 1),
(6302, 48, '2024-04-18', 1, 1, 1, 1, 0, 1),
(6303, 48, '2024-04-19', 0, 1, 1, 1, 1, 1),
(6304, 48, '2024-04-22', 1, 1, 1, 0, 1, 1),
(6305, 48, '2024-04-23', 1, 0, 1, 1, 1, 1),
(6306, 48, '2024-04-24', 1, 0, 0, 1, 1, 1),
(6307, 48, '2024-04-25', 1, 1, 0, 0, 1, 1),
(6308, 48, '2024-04-26', 1, 1, 0, 1, 1, 1),
(6309, 48, '2024-04-29', 1, 1, 0, 1, 1, 1),
(6310, 48, '2024-04-30', 1, 1, 1, 1, 1, 1),
(6311, 48, '2024-05-01', 0, 0, 1, 0, 1, 1),
(6312, 48, '2024-05-02', 1, 1, 0, 0, 0, 0),
(6313, 48, '2024-05-03', 1, 1, 0, 0, 0, 0),
(6314, 48, '2024-05-06', 1, 1, 1, 1, 1, 1),
(6315, 48, '2024-05-07', 0, 1, 1, 0, 1, 1),
(6316, 48, '2024-05-08', 0, 1, 0, 0, 1, 1),
(6317, 48, '2024-05-09', 0, 1, 1, 1, 1, 1),
(6318, 48, '2024-05-10', 0, 0, 1, 0, 1, 0),
(6319, 48, '2024-05-13', 1, 1, 1, 0, 1, 0),
(6320, 48, '2024-05-14', 0, 1, 1, 1, 1, 1),
(6321, 48, '2024-05-15', 0, 1, 0, 0, 1, 1),
(6322, 48, '2024-05-16', 1, 1, 0, 1, 1, 0),
(6323, 48, '2024-05-17', 1, 1, 1, 1, 1, 1),
(6324, 48, '2024-05-20', 0, 0, 1, 1, 1, 1),
(6325, 48, '2024-05-21', 1, 1, 1, 1, 1, 1),
(6326, 48, '2024-05-22', 0, 1, 0, 0, 1, 1),
(6327, 48, '2024-05-23', 0, 1, 1, 0, 1, 0),
(6328, 48, '2024-05-24', 1, 0, 1, 1, 0, 1),
(6329, 48, '2024-05-27', 1, 1, 0, 0, 0, 1),
(6330, 48, '2024-05-28', 1, 0, 1, 1, 0, 1),
(6331, 48, '2024-05-29', 1, 1, 1, 1, 1, 1),
(6332, 48, '2024-05-30', 1, 1, 0, 1, 1, 0),
(6333, 48, '2024-05-31', 1, 0, 0, 0, 1, 1),
(6334, 48, '2024-06-03', 1, 0, 0, 0, 0, 1),
(6335, 48, '2024-06-04', 1, 1, 0, 1, 0, 1),
(6336, 48, '2024-06-05', 1, 1, 1, 0, 1, 0),
(6337, 48, '2024-06-06', 1, 1, 1, 1, 1, 1),
(6338, 48, '2024-06-07', 1, 0, 1, 0, 1, 1),
(6339, 1, '2024-06-09', 1, 1, 1, 1, 1, 1),
(6340, 2, '2024-06-09', 1, 1, 1, 1, 1, 1),
(6341, 3, '2024-06-09', 1, 1, 1, 1, 1, 1),
(6342, 2, '2024-06-09', 1, 1, 1, 1, 1, 1),
(6343, 3, '2024-06-09', 1, 1, 1, 1, 1, 1),
(6344, 2, '2024-06-09', 1, 1, 1, 1, 1, 1),
(6345, 3, '2024-06-09', 1, 1, 1, 1, 1, 1),
(6346, 21, '2024-06-10', 1, 1, 1, 1, 1, 1);

-- --------------------------------------------------------

--
-- Table structure for table `Days`
--

CREATE TABLE `Days` (
  `DayID` int(11) NOT NULL,
  `DayName` varchar(20) DEFAULT NULL
) ENGINE=InnoDB DEFAULT CHARSET=utf8mb4 COLLATE=utf8mb4_general_ci;

--
-- Dumping data for table `Days`
--

INSERT INTO `Days` (`DayID`, `DayName`) VALUES
(1, 'Monday'),
(2, 'Tuesday'),
(3, 'Wednesday'),
(4, 'Thursday'),
(5, 'Friday');

-- --------------------------------------------------------

--
-- Table structure for table `internal_marks`
--

CREATE TABLE `internal_marks` (
  `id` int(11) NOT NULL,
  `student_id` int(11) NOT NULL,
  `subject_id` int(11) NOT NULL,
  `marks` int(11) DEFAULT 0
) ENGINE=InnoDB DEFAULT CHARSET=utf8mb4 COLLATE=utf8mb4_general_ci;

--
-- Dumping data for table `internal_marks`
--

INSERT INTO `internal_marks` (`id`, `student_id`, `subject_id`, `marks`) VALUES
(1, 1, 1, 37),
(2, 1, 2, 40),
(3, 1, 3, 47),
(4, 1, 4, 38),
(5, 1, 5, 50),
(6, 1, 6, 44),
(7, 1, 7, 42),
(8, 1, 8, 35),
(9, 2, 1, 50),
(10, 2, 2, 48),
(11, 2, 3, 35),
(12, 2, 4, 42),
(13, 2, 5, 41),
(14, 2, 6, 37),
(15, 2, 7, 37),
(16, 2, 8, 50),
(17, 3, 1, 45),
(18, 3, 2, 43),
(19, 3, 3, 40),
(20, 3, 4, 44),
(21, 3, 5, 45),
(22, 3, 6, 50),
(23, 3, 7, 49),
(24, 3, 8, 35),
(25, 4, 1, 48),
(26, 4, 2, 48),
(27, 4, 3, 36),
(28, 4, 4, 35),
(29, 4, 5, 42),
(30, 4, 6, 40),
(31, 4, 7, 37),
(32, 4, 8, 39),
(33, 5, 1, 44),
(34, 5, 2, 48),
(35, 5, 3, 47),
(36, 5, 4, 44),
(37, 5, 5, 49),
(38, 5, 6, 38),
(39, 5, 7, 39),
(40, 5, 8, 50),
(41, 6, 1, 46),
(42, 6, 2, 35),
(43, 6, 3, 46),
(44, 6, 4, 49),
(45, 6, 5, 49),
(46, 6, 6, 43),
(47, 6, 7, 50),
(48, 6, 8, 44),
(49, 7, 1, 47),
(50, 7, 2, 37),
(51, 7, 3, 41),
(52, 7, 4, 43),
(53, 7, 5, 42),
(54, 7, 6, 43),
(55, 7, 7, 40),
(56, 7, 8, 44),
(57, 8, 1, 43),
(58, 8, 2, 38),
(59, 8, 3, 43),
(60, 8, 4, 39),
(61, 8, 5, 44),
(62, 8, 6, 41),
(63, 8, 7, 42),
(64, 8, 8, 44),
(65, 9, 1, 48),
(66, 9, 2, 44),
(67, 9, 3, 47),
(68, 9, 4, 38),
(69, 9, 5, 47),
(70, 9, 6, 44),
(71, 9, 7, 36),
(72, 9, 8, 44),
(73, 10, 1, 43),
(74, 10, 2, 42),
(75, 10, 3, 49),
(76, 10, 4, 47),
(77, 10, 5, 36),
(78, 10, 6, 38),
(79, 10, 7, 36),
(80, 10, 8, 49),
(81, 11, 1, 38),
(82, 11, 2, 38),
(83, 11, 3, 36),
(84, 11, 4, 46),
(85, 11, 5, 43),
(86, 11, 6, 38),
(87, 11, 7, 41),
(88, 11, 8, 35),
(89, 12, 1, 37),
(90, 12, 2, 47),
(91, 12, 3, 44),
(92, 12, 4, 45),
(93, 12, 5, 36),
(94, 12, 6, 43),
(95, 12, 7, 47),
(96, 12, 8, 35),
(97, 13, 1, 43),
(98, 13, 2, 40),
(99, 13, 3, 42),
(100, 13, 4, 35),
(101, 13, 5, 41),
(102, 13, 6, 35),
(103, 13, 7, 47),
(104, 13, 8, 35),
(105, 14, 1, 49),
(106, 14, 2, 48),
(107, 14, 3, 36),
(108, 14, 4, 39),
(109, 14, 5, 39),
(110, 14, 6, 38),
(111, 14, 7, 41),
(112, 14, 8, 46),
(113, 15, 1, 47),
(114, 15, 2, 37),
(115, 15, 3, 39),
(116, 15, 4, 44),
(117, 15, 5, 48),
(118, 15, 6, 39),
(119, 15, 7, 44),
(120, 15, 8, 35),
(121, 16, 1, 40),
(122, 16, 2, 35),
(123, 16, 3, 49),
(124, 16, 4, 39),
(125, 16, 5, 39),
(126, 16, 6, 46),
(127, 16, 7, 35),
(128, 16, 8, 37),
(129, 17, 1, 38),
(130, 17, 2, 42),
(131, 17, 3, 41),
(132, 17, 4, 46),
(133, 17, 5, 48),
(134, 17, 6, 48),
(135, 17, 7, 48),
(136, 17, 8, 50),
(137, 18, 1, 35),
(138, 18, 2, 40),
(139, 18, 3, 45),
(140, 18, 4, 41),
(141, 18, 5, 35),
(142, 18, 6, 38),
(143, 18, 7, 38),
(144, 18, 8, 38),
(145, 19, 1, 46),
(146, 19, 2, 42),
(147, 19, 3, 48),
(148, 19, 4, 49),
(149, 19, 5, 36),
(150, 19, 6, 47),
(151, 19, 7, 44),
(152, 19, 8, 46),
(153, 20, 1, 44),
(154, 20, 2, 47),
(155, 20, 3, 45),
(156, 20, 4, 47),
(157, 20, 5, 36),
(158, 20, 6, 37),
(159, 20, 7, 35),
(160, 20, 8, 49),
(161, 21, 1, 37),
(162, 21, 2, 45),
(163, 21, 3, 40),
(164, 21, 4, 43),
(165, 21, 5, 48),
(166, 21, 6, 40),
(167, 21, 7, 42),
(168, 21, 8, 50),
(169, 22, 1, 35),
(170, 22, 2, 45),
(171, 22, 3, 37),
(172, 22, 4, 40),
(173, 22, 5, 35),
(174, 22, 6, 43),
(175, 22, 7, 40),
(176, 22, 8, 36),
(177, 23, 1, 37),
(178, 23, 2, 43),
(179, 23, 3, 46),
(180, 23, 4, 47),
(181, 23, 5, 49),
(182, 23, 6, 41),
(183, 23, 7, 45),
(184, 23, 8, 48),
(185, 24, 1, 41),
(186, 24, 2, 36),
(187, 24, 3, 36),
(188, 24, 4, 50),
(189, 24, 5, 49),
(190, 24, 6, 35),
(191, 24, 7, 35),
(192, 24, 8, 44),
(193, 25, 1, 39),
(194, 25, 2, 47),
(195, 25, 3, 49),
(196, 25, 4, 47),
(197, 25, 5, 38),
(198, 25, 6, 44),
(199, 25, 7, 37),
(200, 25, 8, 49),
(201, 26, 1, 35),
(202, 26, 2, 48),
(203, 26, 3, 35),
(204, 26, 4, 38),
(205, 26, 5, 36),
(206, 26, 6, 44),
(207, 26, 7, 48),
(208, 26, 8, 40),
(209, 27, 1, 38),
(210, 27, 2, 38),
(211, 27, 3, 46),
(212, 27, 4, 44),
(213, 27, 5, 47),
(214, 27, 6, 42),
(215, 27, 7, 50),
(216, 27, 8, 47),
(217, 28, 1, 36),
(218, 28, 2, 45),
(219, 28, 3, 48),
(220, 28, 4, 39),
(221, 28, 5, 45),
(222, 28, 6, 35),
(223, 28, 7, 45),
(224, 28, 8, 37),
(225, 29, 1, 44),
(226, 29, 2, 39),
(227, 29, 3, 40),
(228, 29, 4, 47),
(229, 29, 5, 47),
(230, 29, 6, 39),
(231, 29, 7, 42),
(232, 29, 8, 47),
(233, 30, 1, 45),
(234, 30, 2, 35),
(235, 30, 3, 35),
(236, 30, 4, 42),
(237, 30, 5, 43),
(238, 30, 6, 35),
(239, 30, 7, 38),
(240, 30, 8, 40),
(241, 31, 1, 36),
(242, 31, 2, 46),
(243, 31, 3, 49),
(244, 31, 4, 37),
(245, 31, 5, 47),
(246, 31, 6, 47),
(247, 31, 7, 39),
(248, 31, 8, 47),
(249, 32, 1, 38),
(250, 32, 2, 36),
(251, 32, 3, 40),
(252, 32, 4, 43),
(253, 32, 5, 40),
(254, 32, 6, 40),
(255, 32, 7, 42),
(256, 32, 8, 43),
(257, 33, 1, 45),
(258, 33, 2, 44),
(259, 33, 3, 36),
(260, 33, 4, 35),
(261, 33, 5, 40),
(262, 33, 6, 43),
(263, 33, 7, 48),
(264, 33, 8, 42),
(265, 34, 1, 36),
(266, 34, 2, 49),
(267, 34, 3, 40),
(268, 34, 4, 46),
(269, 34, 5, 36),
(270, 34, 6, 48),
(271, 34, 7, 49),
(272, 34, 8, 50),
(273, 35, 1, 47),
(274, 35, 2, 42),
(275, 35, 3, 41),
(276, 35, 4, 40),
(277, 35, 5, 40),
(278, 35, 6, 36),
(279, 35, 7, 45),
(280, 35, 8, 37),
(281, 36, 1, 46),
(282, 36, 2, 38),
(283, 36, 3, 35),
(284, 36, 4, 41),
(285, 36, 5, 50),
(286, 36, 6, 47),
(287, 36, 7, 37),
(288, 36, 8, 44),
(289, 37, 1, 38),
(290, 37, 2, 48),
(291, 37, 3, 47),
(292, 37, 4, 46),
(293, 37, 5, 45),
(294, 37, 6, 42),
(295, 37, 7, 42),
(296, 37, 8, 45),
(297, 38, 1, 46),
(298, 38, 2, 43),
(299, 38, 3, 42),
(300, 38, 4, 39),
(301, 38, 5, 40),
(302, 38, 6, 37),
(303, 38, 7, 42),
(304, 38, 8, 43),
(305, 39, 1, 49),
(306, 39, 2, 37),
(307, 39, 3, 50),
(308, 39, 4, 43),
(309, 39, 5, 47),
(310, 39, 6, 46),
(311, 39, 7, 50),
(312, 39, 8, 37),
(313, 40, 1, 36),
(314, 40, 2, 38),
(315, 40, 3, 40),
(316, 40, 4, 41),
(317, 40, 5, 43),
(318, 40, 6, 38),
(319, 40, 7, 35),
(320, 40, 8, 48),
(321, 41, 1, 46),
(322, 41, 2, 45),
(323, 41, 3, 46),
(324, 41, 4, 44),
(325, 41, 5, 38),
(326, 41, 6, 35),
(327, 41, 7, 40),
(328, 41, 8, 38),
(329, 42, 1, 42),
(330, 42, 2, 37),
(331, 42, 3, 38),
(332, 42, 4, 46),
(333, 42, 5, 42),
(334, 42, 6, 43),
(335, 42, 7, 49),
(336, 42, 8, 47),
(337, 43, 1, 37),
(338, 43, 2, 44),
(339, 43, 3, 50),
(340, 43, 4, 40),
(341, 43, 5, 48),
(342, 43, 6, 35),
(343, 43, 7, 35),
(344, 43, 8, 47),
(345, 44, 1, 42),
(346, 44, 2, 48),
(347, 44, 3, 44),
(348, 44, 4, 48),
(349, 44, 5, 44),
(350, 44, 6, 37),
(351, 44, 7, 38),
(352, 44, 8, 36),
(353, 45, 1, 45),
(354, 45, 2, 50),
(355, 45, 3, 40),
(356, 45, 4, 42),
(357, 45, 5, 42),
(358, 45, 6, 41),
(359, 45, 7, 37),
(360, 45, 8, 39),
(361, 46, 1, 37),
(362, 46, 2, 49),
(363, 46, 3, 47),
(364, 46, 4, 47),
(365, 46, 5, 39),
(366, 46, 6, 45),
(367, 46, 7, 42),
(368, 46, 8, 49),
(369, 47, 1, 40),
(370, 47, 2, 47),
(371, 47, 3, 47),
(372, 47, 4, 38),
(373, 47, 5, 40),
(374, 47, 6, 50),
(375, 47, 7, 47),
(376, 47, 8, 36),
(377, 48, 1, 36),
(378, 48, 2, 50),
(379, 48, 3, 50),
(380, 48, 4, 41),
(381, 48, 5, 42),
(382, 48, 6, 44),
(383, 48, 7, 39),
(384, 48, 8, 50);

-- --------------------------------------------------------

--
-- Table structure for table `students`
--

CREATE TABLE `students` (
  `student_id` int(11) NOT NULL,
  `roll_no` int(11) NOT NULL,
  `name` varchar(100) NOT NULL
) ENGINE=InnoDB DEFAULT CHARSET=utf8mb4 COLLATE=utf8mb4_general_ci;

--
-- Dumping data for table `students`
--

INSERT INTO `students` (`student_id`, `roll_no`, `name`) VALUES
(1, 1, 'AAESHA V V'),
(2, 2, 'ABIN SHIBU B S'),
(3, 3, 'AFREENA A'),
(4, 4, 'AMANA MUSTHAFA P K'),
(5, 5, 'ANANYA C'),
(6, 6, 'ARYA SUGATHAN P M'),
(7, 7, 'ASWIN VINOD'),
(8, 8, 'ATHIKA RABEEA M'),
(9, 9, 'BIJESH KUMAR K'),
(10, 10, 'CHITHRA SREEJITH K'),
(11, 11, 'CIDHYA JOHNSON'),
(12, 12, 'DHEERAJ P'),
(13, 13, 'FATHIMA INSHA C'),
(14, 14, 'FATHIMA JEBEEN'),
(15, 15, 'FATHIMA MANNA A K'),
(16, 16, 'GOKUL KRISHNA M'),
(17, 17, 'GOKUL RAJEEV'),
(18, 18, 'JILSON DENNIS'),
(19, 19, 'MANAF K P'),
(20, 20, 'MARIYAMBI B'),
(21, 21, 'MUHAMMAD FARHAN M P'),
(22, 22, 'MUHAMMED RASHID P P'),
(23, 23, 'MUHAMMED SAHAL V T'),
(24, 24, 'NASHWAN BIN NIYAZ'),
(25, 25, 'NIKITHA SURESH'),
(26, 26, 'RANIYA RAHOOF E'),
(27, 27, 'SAGAR SUNNY'),
(28, 28, 'SARANG N M'),
(29, 29, 'SHAMILA THASNI V P'),
(30, 30, 'SIVASYAM V'),
(31, 31, 'SOUPARNIKA K R'),
(32, 32, 'ABHIJITH M K'),
(33, 33, 'ABHILASH K'),
(34, 34, 'ADHIL O P'),
(35, 35, 'AISWARYA N V'),
(36, 36, 'AJAY K'),
(37, 37, 'AMRUTHA M'),
(38, 38, 'ANUSREE K M'),
(39, 39, 'ATHIRA M S'),
(40, 40, 'ATHULYA P S'),
(41, 41, 'BINESH M'),
(42, 42, 'DILJITH T'),
(43, 43, 'NAMITHA K'),
(44, 44, 'NIDHIN ASAMS P P'),
(45, 45, 'NIDHUNARAJ G'),
(46, 46, 'NIMA K K'),
(47, 47, 'SRUTHI KRISHNA'),
(48, 48, 'SAJILA A');

-- --------------------------------------------------------

--
-- Table structure for table `Subjects`
--

CREATE TABLE `Subjects` (
  `SubjectID` int(11) NOT NULL,
  `SubjectName` varchar(50) DEFAULT NULL,
  `SubjectCode` varchar(20) DEFAULT NULL
) ENGINE=InnoDB DEFAULT CHARSET=utf8mb4 COLLATE=utf8mb4_general_ci;

--
-- Dumping data for table `Subjects`
--

INSERT INTO `Subjects` (`SubjectID`, `SubjectName`, `SubjectCode`) VALUES
(1, 'Compiler Design (CD)', 'IT19 601'),
(2, 'Computer Networks (CN)', 'IT19 602'),
(3, 'Microprocessors (MP)', 'IT19 603'),
(4, 'Data Mining (DM)', 'IT19 604'),
(5, 'Soft Computing (SC)', 'IT19 605(B)'),
(6, 'Cyber Law & Ethics (CLE)', 'IT19 606(A)'),
(7, 'Microprocessors Lab (MBD)', 'IT19 607(P)'),
(8, 'Mini Project', 'IT19 608(P)');

-- --------------------------------------------------------

--
-- Table structure for table `Timetable`
--

CREATE TABLE `Timetable` (
  `TimetableID` int(11) NOT NULL,
  `DayID` int(11) DEFAULT NULL,
  `SubjectID` int(11) DEFAULT NULL,
  `StartTime` time DEFAULT NULL,
  `EndTime` time DEFAULT NULL
) ENGINE=InnoDB DEFAULT CHARSET=utf8mb4 COLLATE=utf8mb4_general_ci;

--
-- Dumping data for table `Timetable`
--

INSERT INTO `Timetable` (`TimetableID`, `DayID`, `SubjectID`, `StartTime`, `EndTime`) VALUES
(1, 1, 7, '09:30:00', '10:30:00'),
(2, 1, 8, '10:30:00', '11:30:00'),
(3, 1, 8, '11:30:00', '12:30:00'),
(4, 1, 1, '13:30:00', '14:30:00'),
(5, 1, 6, '14:30:00', '15:30:00'),
(6, 1, 5, '15:30:00', '16:30:00'),
(7, 2, 2, '09:30:00', '10:30:00'),
(8, 2, 4, '10:30:00', '11:30:00'),
(9, 2, 3, '11:30:00', '12:30:00'),
(10, 2, 3, '13:30:00', '14:30:00'),
(11, 2, 1, '14:30:00', '15:30:00'),
(12, 2, 4, '15:30:00', '16:30:00'),
(13, 3, 4, '09:30:00', '10:30:00'),
(14, 3, 1, '10:30:00', '11:30:00'),
(15, 3, 3, '11:30:00', '12:30:00'),
(16, 3, 5, '13:30:00', '14:30:00'),
(17, 3, 2, '14:30:00', '15:30:00'),
(18, 3, 6, '15:30:00', '16:30:00'),
(19, 4, 5, '09:30:00', '10:30:00'),
(20, 4, 2, '10:30:00', '11:30:00'),
(21, 4, 6, '11:30:00', '12:30:00'),
(22, 4, 5, '13:30:00', '14:30:00'),
(23, 4, 1, '14:30:00', '15:30:00'),
(24, 4, 4, '15:30:00', '16:30:00'),
(25, 5, 2, '09:30:00', '10:30:00'),
(26, 5, 4, '10:30:00', '11:30:00'),
(27, 5, 6, '11:30:00', '12:30:00'),
(28, 5, 5, '13:30:00', '14:30:00'),
(29, 5, 1, '14:30:00', '15:30:00'),
(30, 5, 3, '15:30:00', '16:30:00');

-- --------------------------------------------------------

--
-- Table structure for table `users`
--

CREATE TABLE `users` (
  `id` int(11) NOT NULL,
  `role` enum('student','admin','teacher','parent') NOT NULL,
  `username` varchar(255) NOT NULL,
  `password` varchar(255) NOT NULL,
  `name` varchar(255) NOT NULL
) ENGINE=InnoDB DEFAULT CHARSET=latin1 COLLATE=latin1_swedish_ci;

--
-- Dumping data for table `users`
--

INSERT INTO `users` (`id`, `role`, `username`, `password`, `name`) VALUES
(10, 'teacher', 'faculty', '$2y$10$YgP6D9KwzbbEx7IuFJPvBe6/j0GxikhPv3G5XecP5zTz5gGuqfqAa', 'faculty'),
(11, 'student', 'aaesha.v.v490', '$2y$10$HjlrMJiZCyabjauXHUhVLuC9efGTm5F23dr4bfiKz/Um6QtV1cUJC', 'AAESHA V V'),
(12, 'student', 'abin.shibu.b.s332', '$2y$10$GCXq17S2FVH9icj8cylAxuKMzdrmeHo9viQcftiCqUMZUxePIN3cW', 'ABIN SHIBU B S'),
(13, 'student', 'afreena.a901', '$2y$10$w11W65tv04QCuTXZtB03l.NYz7xDlOUnzL4nicys1i0qBHkZQojhW', 'AFREENA A'),
(14, 'student', 'amana.musthafa.p.k879', '$2y$10$sOIV2b8ABZnl8IAaIRBeiuLJdghCr6/Rl2jAaZPPO.UvEagesi8qe', 'AMANA MUSTHAFA P K'),
(15, 'student', 'ananya.c954', '$2y$10$93/NiI8Ah3I8M46CptFX7u.UcwfbBxFY92yylneWV6Ho8oNhaJAKS', 'ANANYA C'),
(16, 'student', 'arya.sugathan.p.m860', '$2y$10$mvAcCZAsI1TQdEawwwUv5e791ibOVThZo.yVF0MK.T1OH5lQb/aLW', 'ARYA SUGATHAN P M'),
(17, 'student', 'aswin.vinod377', '$2y$10$dlr.fr9AB9Wn40CvVOfNourBQOrE4/T4fRlrthIHwUb32iW4z88li', 'ASWIN VINOD'),
(18, 'student', 'athika.rabeea.m250', '$2y$10$bfig0D57hWmV8coobs5kb.90cOJqSgGXzxMh6Khwe6RFhCPjP5iWq', 'ATHIKA RABEEA M'),
(19, 'student', 'bijesh.kumar.k419', '$2y$10$JFxsEKDv5fsgk8nYuR9b/.48PTucl6rfm9VB6HoBJrUfqbpe7DE/m', 'BIJESH KUMAR K'),
(20, 'student', 'chithra.sreejith.k158', '$2y$10$ToDNu3G118/KgvinkOtPmeRFv3rn0VPTrv8cKaHn/yyE/tOaavIAW', 'CHITHRA SREEJITH K'),
(21, 'student', 'cidhya.johnson199', '$2y$10$/2jFMKQmgmKqmo4w0DWJD.DQUBlEAVzpHMtSZ2E8vxq5DRa9PsVWK', 'CIDHYA JOHNSON'),
(22, 'student', 'dheeraj.p162', '$2y$10$bG8IH8JZvKsS37A/.ZiJNOO.IbIn4N2S3fm7zfcoWcMtl6gueKZYK', 'DHEERAJ P'),
(23, 'student', 'fathima.insha.c358', '$2y$10$0..SvqyY2FWfyuS5VifWPuwZqlElnMOwRk/DTVkRpnmZQ/Op7ibtC', 'FATHIMA INSHA C'),
(24, 'student', 'fathima.jebeen363', '$2y$10$5FUTrQ7wgr6s6FO0CJo85OXz7c5Of5Q5bApz.yABKI8Lw5c4rbF7C', 'FATHIMA JEBEEN'),
(25, 'student', 'fathima.manna.a.k255', '$2y$10$lB/zy.5XqxKEAyUmk066Z.pZ6XYLgOt/Wnin/cXTzTUiYk4a5PYTS', 'FATHIMA MANNA A K'),
(26, 'student', 'gokul.krishna.m596', '$2y$10$wBFOju0BqukBiqXDigEZjeQL11d.Q/qcTwwM8At/oHLn5hRdhvNEG', 'GOKUL KRISHNA M'),
(27, 'student', 'gokul.rajeev442', '$2y$10$m/Q/a7HsFI/jKM/QX6Y9jeWmsjobzB1bp4WWow1L5vEvsrvO2RDea', 'GOKUL RAJEEV'),
(28, 'student', 'jilson.dennis189', '$2y$10$5TCLSMD7ZY9Hib99.raLO.vOsy6fMuHMB8tMmHQNrZqJsCRTD9oL2', 'JILSON DENNIS'),
(29, 'student', 'manaf.k.p130', '$2y$10$K0M9Fl43aKH6UJmJNSQCmeoXB7uzlvRJF8aJ2PW35zrQLUzyhfWxq', 'MANAF K P'),
(30, 'student', 'mariyambi.b512', '$2y$10$zKR6WJK6waYEYvPkhyIkFONeVpnuemuDkF9vpZhBFTEbeI0vvuMeu', 'MARIYAMBI B'),
(31, 'student', 'muhammad.farhan.m.p170', '$2y$10$yylV1PjeD94nJWjQHNuzEu8pb24esiXN5q0KLfzjvpqchwLPMqLGm', 'MUHAMMAD FARHAN M P'),
(32, 'student', 'muhammed.rashid.p.p264', '$2y$10$hM3DaCe8HnQQL3USCC6ei./GcLvya4pGRA6gcWzMyVsRP33MZeJPG', 'MUHAMMED RASHID P P'),
(33, 'student', 'muhammed.sahal.v.t442', '$2y$10$Dz3p5nxI/W6kdQ.QmkD1CO798Xy4LyMdCmJxCW5H25StZj9wLawwa', 'MUHAMMED SAHAL V T'),
(34, 'student', 'nashwan.bin.niyaz137', '$2y$10$mOkJYcn4kf/NuWEcGJ2hrutlybdfcey.QGMZ.sMupxmkhx5bb2rpO', 'NASHWAN BIN NIYAZ'),
(35, 'student', 'nikitha.suresh189', '$2y$10$ChGLCknNX73sW8HzNKhdC.6fl4Du9gwaYwIsWO2yihGilKQ3F4yNC', 'NIKITHA SURESH'),
(36, 'student', 'raniya.rahoof.e193', '$2y$10$WTGDFmWNrvBvqciMU3rji.aTtuX0pOqaIOwcvd6N428CyTP9/U9..', 'RANIYA RAHOOF E'),
(37, 'student', 'sagar.sunny164', '$2y$10$14HHdasXAYi.wj40TiGBb.rVuCKYCmYPA2D.YXTBNsqZDXgpM.0DK', 'SAGAR SUNNY'),
(38, 'student', 'sarang.n.m772', '$2y$10$dYPJoa8dYd9ykU6grbMHOe5tzf.XgO0p.DDawPHnhQoqAkLwg0fCO', 'SARANG N M'),
(39, 'student', 'shamila.thasni.v.p821', '$2y$10$GBYjPx5/zDw3AoOyj.W9K..NC46E6Oj5pnREfqx7ZqnFMdgRIYMIC', 'SHAMILA THASNI V P'),
(40, 'student', 'sivasyam.v725', '$2y$10$cr1uYqeqYIAT6ENRi72Ih./SIlQ2rCMbZu0Lh2SVqGP/6eGcQv3zW', 'SIVASYAM V'),
(41, 'student', 'souparnika.k.r170', '$2y$10$tsqmmmd0RqCKxPNCWjCNoO.AnoEvYh8Yw53zmnGWMil480yH5Q3my', 'SOUPARNIKA K R'),
(42, 'student', 'abhijith.m.k343', '$2y$10$fi/.9umx/mcef2dingQiXOzd.YwBJzffQ6otY3i3zO5cAGhIXVNJu', 'ABHIJITH M K'),
(43, 'student', 'abhilash.k458', '$2y$10$I4oLI8qL5yb4M4V2xEfnPumzX9iHy4LvWxGPVrLsNuBxQMOPq7eAm', 'ABHILASH K'),
(44, 'student', 'adhil.o.p905', '$2y$10$qF9saylxALW4DPSPeVgoduw1y.dH13tN8IjwR9CT2nhqq/CQolZn.', 'ADHIL O P'),
(45, 'student', 'aiswarya.n.v501', '$2y$10$8WfgmIeMmh9lKC6de9sKuOw5eGoCjln60Wn7AbqlSLTpPoQBRUEhm', 'AISWARYA N V'),
(46, 'student', 'ajay.k549', '$2y$10$Mg/rE/xC4IC7ES5mKOECeOEn30s3YbAFmy0.FFtgRiXbgm2SvcsX.', 'AJAY K'),
(47, 'student', 'amrutha.m438', '$2y$10$LJs046PES3JqPELRvpVkTeTvEZ/rgq2ehWItb0FyHtV1kJcRqIZSy', 'AMRUTHA M'),
(48, 'student', 'anusree.k.m127', '$2y$10$DrJd.nHWYcIlaHXFZUo8qOV6xBIvDRlF6FPMaVjDpy7W2WXKPBd4q', 'ANUSREE K M'),
(49, 'student', 'athira.m.s393', '$2y$10$IjdIcIoc1buqlXGyL/owa.V3fsXZsgiLXJd/ePYNkhhFhoguwueoS', 'ATHIRA M S'),
(50, 'student', 'athulya.p.s558', '$2y$10$r6NzL0a9wfOT/bb.ZSMSTOU.P7/.s5dEkvrZ9cmM8stixJGnnTXAK', 'ATHULYA P S'),
(51, 'student', 'binesh.m480', '$2y$10$BlXdwipBJ.H6OVGZR.pVeef3jIpT1QZ7B9YSlRP2aQny5cJ.5zc2G', 'BINESH M'),
(52, 'student', 'diljith.t415', '$2y$10$jNXGp8scA4aKH7qXC.HEgu5mpvVk57k.uGvWe9DKF54l25.LC0h0W', 'DILJITH T'),
(53, 'student', 'namitha.k858', '$2y$10$3AQ8Q0Ba4RykKJXlU4agMepJwYr7WGGqqOeEDfXgkGO70fHryeYhW', 'NAMITHA K'),
(54, 'student', 'nidhin.asams.p.p581', '$2y$10$6.cHG3OzZWTwaomWJkxa3e8JaY1Lg7jgACZAu58O8bPJqseL48eqy', 'NIDHIN ASAMS P P'),
(55, 'student', 'nidhunaraj.g291', '$2y$10$g8Etg307raNsvDYOvh52TuqJYfBq6jOZ26oH0WZVbmm6FL6oD57xK', 'NIDHUNARAJ G'),
(56, 'student', 'nima.k.k301', '$2y$10$fDSA3VPi/3eIxMX72IkEOOVsQyCtgUUTT2CWiWrlIDV4z6uCgqhRa', 'NIMA K K'),
(57, 'student', 'sruthi.krishna732', '$2y$10$AhNLqnKNIpS2prsy5xyOzeUQvJBXa7N/XngjTslOe7TDczIGBtl9a', 'SRUTHI KRISHNA'),
(58, 'student', 'sajila.a714', '$2y$10$Nt736KdXRa.OqDNnCOgdBuyrZaTX.9/c7y9wVDnxComLXFIXCjHGy', 'SAJILA A');

--
-- Indexes for dumped tables
--

--
-- Indexes for table `daily_attendance`
--
ALTER TABLE `daily_attendance`
  ADD PRIMARY KEY (`id`),
  ADD KEY `student_id` (`student_id`);

--
-- Indexes for table `Days`
--
ALTER TABLE `Days`
  ADD PRIMARY KEY (`DayID`);

--
-- Indexes for table `internal_marks`
--
ALTER TABLE `internal_marks`
  ADD PRIMARY KEY (`id`),
  ADD KEY `student_id` (`student_id`),
  ADD KEY `subject_id` (`subject_id`);

--
-- Indexes for table `students`
--
ALTER TABLE `students`
  ADD PRIMARY KEY (`student_id`);

--
-- Indexes for table `Subjects`
--
ALTER TABLE `Subjects`
  ADD PRIMARY KEY (`SubjectID`);

--
-- Indexes for table `Timetable`
--
ALTER TABLE `Timetable`
  ADD PRIMARY KEY (`TimetableID`),
  ADD KEY `fk_day` (`DayID`),
  ADD KEY `fk_subject` (`SubjectID`);

--
-- Indexes for table `users`
--
ALTER TABLE `users`
  ADD PRIMARY KEY (`id`);

--
-- AUTO_INCREMENT for dumped tables
--

--
-- AUTO_INCREMENT for table `daily_attendance`
--
ALTER TABLE `daily_attendance`
  MODIFY `id` int(11) NOT NULL AUTO_INCREMENT, AUTO_INCREMENT=6347;

--
-- AUTO_INCREMENT for table `internal_marks`
--
ALTER TABLE `internal_marks`
  MODIFY `id` int(11) NOT NULL AUTO_INCREMENT, AUTO_INCREMENT=385;

--
-- AUTO_INCREMENT for table `students`
--
ALTER TABLE `students`
  MODIFY `student_id` int(11) NOT NULL AUTO_INCREMENT, AUTO_INCREMENT=49;

--
-- AUTO_INCREMENT for table `users`
--
ALTER TABLE `users`
  MODIFY `id` int(11) NOT NULL AUTO_INCREMENT, AUTO_INCREMENT=59;

--
-- Constraints for dumped tables
--

--
-- Constraints for table `daily_attendance`
--
ALTER TABLE `daily_attendance`
  ADD CONSTRAINT `daily_attendance_ibfk_1` FOREIGN KEY (`student_id`) REFERENCES `students` (`student_id`);

--
-- Constraints for table `internal_marks`
--
ALTER TABLE `internal_marks`
  ADD CONSTRAINT `internal_marks_ibfk_1` FOREIGN KEY (`student_id`) REFERENCES `students` (`student_id`),
  ADD CONSTRAINT `internal_marks_ibfk_2` FOREIGN KEY (`subject_id`) REFERENCES `subjects` (`SubjectID`);

--
-- Constraints for table `Timetable`
--
ALTER TABLE `Timetable`
  ADD CONSTRAINT `fk_day` FOREIGN KEY (`DayID`) REFERENCES `Days` (`DayID`),
  ADD CONSTRAINT `fk_subject` FOREIGN KEY (`SubjectID`) REFERENCES `Subjects` (`SubjectID`);
COMMIT;

/*!40101 SET CHARACTER_SET_CLIENT=@OLD_CHARACTER_SET_CLIENT */;
/*!40101 SET CHARACTER_SET_RESULTS=@OLD_CHARACTER_SET_RESULTS */;
/*!40101 SET COLLATION_CONNECTION=@OLD_COLLATION_CONNECTION */;
